Date,Stock,Model,Mode,Lag_Count,Target_Transform,Actual,Predicted,Residual,Absolute_Error
2021-03-08 00:00:00+00:00,MRK,gbm_quantile,sentiment,50,difference,70.77290344238281,69.8133889009407,0.9595145414421182,0.9595145414421182
2021-03-09 00:00:00+00:00,MRK,gbm_quantile,sentiment,50,difference,70.74427795410156,70.70154786325139,0.042730090850170654,0.042730090850170654
2021-03-10 00:00:00+00:00,MRK,gbm_quantile,sentiment,50,difference,71.33587646484375,70.7961559549145,0.5397205099292535,0.5397205099292535
2021-03-11 00:00:00+00:00,MRK,gbm_quantile,sentiment,50,difference,71.21183013916016,71.35833356787936,-0.14650342871919975,0.14650342871919975
2021-03-12 00:00:00+00:00,MRK,gbm_quantile,sentiment,50,difference,71.1832046508789,71.16811239068329,0.015092260195615381,0.015092260195615381
2021-03-15 00:00:00+00:00,MRK,gbm_quantile,sentiment,50,difference,72.7385482788086,71.16959196009259,1.5689563187160047,1.5689563187160047
2021-03-16 00:00:00+00:00,MRK,gbm_quantile,sentiment,50,difference,73.29198455810547,72.66713491792248,0.6248496401829868,0.6248496401829868
2021-03-17 00:00:00+00:00,MRK,gbm_quantile,sentiment,50,difference,73.7595443725586,73.30577358508606,0.45377078747253563,0.45377078747253563
2021-03-18 00:00:00+00:00,MRK,gbm_quantile,sentiment,50,difference,73.73091888427734,73.75262475760123,-0.02170587332388152,0.02170587332388152
2021-03-19 00:00:00+00:00,MRK,gbm_quantile,sentiment,50,difference,73.95992279052734,73.73918654015534,0.22073625037199918,0.22073625037199918
2021-03-22 00:00:00+00:00,MRK,gbm_quantile,sentiment,50,difference,73.95992279052734,73.98070119755184,-0.020778407024494072,0.020778407024494072
2021-03-23 00:00:00+00:00,MRK,gbm_quantile,sentiment,50,difference,72.77671813964844,73.95148867629148,-1.174770536643038,1.174770536643038
2021-03-24 00:00:00+00:00,MRK,gbm_quantile,sentiment,50,difference,72.74809265136719,72.7634077203857,-0.015315069018512872,0.015315069018512872
2021-03-25 00:00:00+00:00,MRK,gbm_quantile,sentiment,50,difference,72.58587646484375,72.70847897955133,-0.12260251470758021,0.12260251470758021
2021-03-26 00:00:00+00:00,MRK,gbm_quantile,sentiment,50,difference,73.84542083740234,72.65994000296143,1.1854808344409093,1.1854808344409093
2021-03-29 00:00:00+00:00,MRK,gbm_quantile,sentiment,50,difference,74.71373748779297,73.84719948811893,0.866537999674037,0.866537999674037
2021-03-30 00:00:00+00:00,MRK,gbm_quantile,sentiment,50,difference,73.43511199951172,74.72132113876879,-1.2862091392570676,1.2862091392570676
2021-03-31 00:00:00+00:00,MRK,gbm_quantile,sentiment,50,difference,73.55915832519531,73.45206768970884,0.1070906354864718,0.1070906354864718
2021-04-01 00:00:00+00:00,MRK,gbm_quantile,sentiment,50,difference,73.55915832519531,73.61919992913971,-0.0600416039443985,0.0600416039443985
2021-04-05 00:00:00+00:00,MRK,gbm_quantile,sentiment,50,difference,73.47328186035156,73.62595313154634,-0.15267127119477664,0.15267127119477664
2021-04-06 00:00:00+00:00,MRK,gbm_quantile,sentiment,50,difference,72.3187026977539,73.47627528868982,-1.1575725909359136,1.1575725909359136
2021-04-07 00:00:00+00:00,MRK,gbm_quantile,sentiment,50,difference,72.63359069824219,72.34239181146948,0.29119888677270467,0.29119888677270467
2021-04-08 00:00:00+00:00,MRK,gbm_quantile,sentiment,50,difference,72.03244018554688,72.65801531270927,-0.6255751271623922,0.6255751271623922
2021-04-09 00:00:00+00:00,MRK,gbm_quantile,sentiment,50,difference,72.81488800048828,72.14236086307865,0.6725271374096309,0.6725271374096309
2021-04-12 00:00:00+00:00,MRK,gbm_quantile,sentiment,50,difference,72.72901153564453,72.87287335234548,-0.143861816700948,0.143861816700948
2021-04-13 00:00:00+00:00,MRK,gbm_quantile,sentiment,50,difference,72.92938995361328,72.90351005020453,0.025879903408750238,0.025879903408750238
2021-04-14 00:00:00+00:00,MRK,gbm_quantile,sentiment,50,difference,72.90076446533203,72.9319902276446,-0.031225762312573124,0.031225762312573124
2021-04-15 00:00:00+00:00,MRK,gbm_quantile,sentiment,50,difference,73.14885711669922,72.93340954800867,0.21544756869054993,0.21544756869054993
2021-04-16 00:00:00+00:00,MRK,gbm_quantile,sentiment,50,difference,73.9217529296875,73.21260374004999,0.7091491896375146,0.7091491896375146
2021-04-19 00:00:00+00:00,MRK,gbm_quantile,sentiment,50,difference,74.1030502319336,74.03146942642375,0.07158080550983925,0.07158080550983925
2021-04-20 00:00:00+00:00,MRK,gbm_quantile,sentiment,50,difference,74.97137451171875,74.16321675974153,0.8081577519772196,0.8081577519772196
2021-04-21 00:00:00+00:00,MRK,gbm_quantile,sentiment,50,difference,75.60114288330078,74.96264101383478,0.6385018694659976,0.6385018694659976
2021-04-22 00:00:00+00:00,MRK,gbm_quantile,sentiment,50,difference,74.38931274414062,75.60169266041315,-1.2123799162725248,1.2123799162725248
2021-04-23 00:00:00+00:00,MRK,gbm_quantile,sentiment,50,difference,74.31298065185547,74.39848336898679,-0.08550271713131963,0.08550271713131963
2021-04-26 00:00:00+00:00,MRK,gbm_quantile,sentiment,50,difference,73.97901153564453,74.28545020462565,-0.3064386689811158,0.3064386689811158
2021-04-27 00:00:00+00:00,MRK,gbm_quantile,sentiment,50,difference,73.8167953491211,73.91815095017752,-0.10135560105642583,0.10135560105642583
2021-04-28 00:00:00+00:00,MRK,gbm_quantile,sentiment,50,difference,73.55915832519531,73.85815275949113,-0.29899443429582107,0.29899443429582107
2021-04-29 00:00:00+00:00,MRK,gbm_quantile,sentiment,50,difference,70.30534362792969,73.55324179135481,-3.24789816342512,3.24789816342512
2021-04-30 00:00:00+00:00,MRK,gbm_quantile,sentiment,50,difference,71.08778381347656,70.27590566147387,0.8118781520026914,0.8118781520026914
2021-05-03 00:00:00+00:00,MRK,gbm_quantile,sentiment,50,difference,72.5,71.04172853694537,1.4582714630546292,1.4582714630546292
2021-05-04 00:00:00+00:00,MRK,gbm_quantile,sentiment,50,difference,72.5095443725586,72.49431912817636,0.01522524438223627,0.01522524438223627
2021-05-05 00:00:00+00:00,MRK,gbm_quantile,sentiment,50,difference,74.14122009277344,72.57019499034331,1.5710251024301272,1.5710251024301272
2021-05-06 00:00:00+00:00,MRK,gbm_quantile,sentiment,50,difference,74.21755981445312,74.28280208166248,-0.06524226720935644,0.06524226720935644
2021-05-07 00:00:00+00:00,MRK,gbm_quantile,sentiment,50,difference,74.8187026977539,74.21914694054766,0.5995557572062467,0.5995557572062467
2021-05-10 00:00:00+00:00,MRK,gbm_quantile,sentiment,50,difference,74.5896987915039,74.81686004425036,-0.2271612527464555,0.2271612527464555
2021-05-11 00:00:00+00:00,MRK,gbm_quantile,sentiment,50,difference,73.91221618652344,74.72165785143359,-0.8094416649101532,0.8094416649101532
2021-05-12 00:00:00+00:00,MRK,gbm_quantile,sentiment,50,difference,74.42748260498047,73.95583300217257,0.4716496028079007,0.4716496028079007
2021-05-13 00:00:00+00:00,MRK,gbm_quantile,sentiment,50,difference,75.08587646484375,74.47525035304764,0.6106261117961083,0.6106261117961083
2021-05-14 00:00:00+00:00,MRK,gbm_quantile,sentiment,50,difference,74.7042007446289,75.1287195654952,-0.42451882086629666,0.42451882086629666
2021-05-17 00:00:00+00:00,MRK,gbm_quantile,sentiment,50,difference,76.21183013916016,74.71431593173544,1.4975142074247145,1.4975142074247145
2021-05-18 00:00:00+00:00,MRK,gbm_quantile,sentiment,50,difference,75.74427795410156,76.2742589019379,-0.5299809478363358,0.5299809478363358
2021-05-19 00:00:00+00:00,MRK,gbm_quantile,sentiment,50,difference,75.72518920898438,75.76767993763147,-0.042490728647095466,0.042490728647095466
2021-05-20 00:00:00+00:00,MRK,gbm_quantile,sentiment,50,difference,76.0114517211914,75.82802982667957,0.183421894511838,0.183421894511838
2021-05-21 00:00:00+00:00,MRK,gbm_quantile,sentiment,50,difference,75.55343627929688,76.13190050019713,-0.5784642209002584,0.5784642209002584
2021-05-24 00:00:00+00:00,MRK,gbm_quantile,sentiment,50,difference,75.4103012084961,75.62257857770939,-0.21227736921329665,0.21227736921329665
2021-05-25 00:00:00+00:00,MRK,gbm_quantile,sentiment,50,difference,73.95037841796875,75.40807790116476,-1.4576994831960093,1.4576994831960093
2021-05-26 00:00:00+00:00,MRK,gbm_quantile,sentiment,50,difference,73.6927490234375,73.8458698539572,-0.15312083051969694,0.15312083051969694
2021-05-27 00:00:00+00:00,MRK,gbm_quantile,sentiment,50,difference,72.4427490234375,73.75241328558936,-1.3096642621518555,1.3096642621518555
2021-05-28 00:00:00+00:00,MRK,gbm_quantile,sentiment,50,difference,72.41412353515625,72.54141608370142,-0.1272925485451708,0.1272925485451708
2021-06-01 00:00:00+00:00,MRK,gbm_quantile,sentiment,50,difference,71.73664093017578,72.48828526567716,-0.751644335501382,0.751644335501382
2021-06-02 00:00:00+00:00,MRK,gbm_quantile,sentiment,50,difference,72.39503479003906,71.73623707786807,0.658797712170994,0.658797712170994
2021-06-03 00:00:00+00:00,MRK,gbm_quantile,sentiment,50,difference,73.91000366210938,72.410750013254,1.4992536488553725,1.4992536488553725
2021-06-04 00:00:00+00:00,MRK,gbm_quantile,sentiment,50,difference,74.11000061035156,73.94354875661907,0.1664518537324966,0.1664518537324966
2021-06-07 00:00:00+00:00,MRK,gbm_quantile,sentiment,50,difference,72.80000305175781,74.1918235396933,-1.3918204879354903,1.3918204879354903
2021-06-08 00:00:00+00:00,MRK,gbm_quantile,sentiment,50,difference,72.4000015258789,72.95561610520132,-0.555614579322409,0.555614579322409
2021-06-09 00:00:00+00:00,MRK,gbm_quantile,sentiment,50,difference,74.04000091552734,72.43885709556793,1.6011438199594181,1.6011438199594181
2021-06-10 00:00:00+00:00,MRK,gbm_quantile,sentiment,50,difference,76.13999938964844,74.05266054728985,2.087338842358591,2.087338842358591
2021-06-11 00:00:00+00:00,MRK,gbm_quantile,sentiment,50,difference,76.2699966430664,76.1121365511576,0.1578600919088018,0.1578600919088018
2021-06-14 00:00:00+00:00,MRK,gbm_quantile,sentiment,50,difference,75.44999694824219,76.33566476376649,-0.8856678155243003,0.8856678155243003
2021-06-15 00:00:00+00:00,MRK,gbm_quantile,sentiment,50,difference,75.69999694824219,75.45836228708637,0.241634661155814,0.241634661155814
2021-06-16 00:00:00+00:00,MRK,gbm_quantile,sentiment,50,difference,76.61000061035156,75.7190253506067,0.890975259744863,0.890975259744863
2021-06-17 00:00:00+00:00,MRK,gbm_quantile,sentiment,50,difference,77.2300033569336,76.50230608699587,0.7276972699377211,0.7276972699377211
2021-06-18 00:00:00+00:00,MRK,gbm_quantile,sentiment,50,difference,76.61000061035156,77.25898284825234,-0.6489822379007819,0.6489822379007819
2021-06-21 00:00:00+00:00,MRK,gbm_quantile,sentiment,50,difference,76.75,76.6789963590325,0.07100364096750411,0.07100364096750411
2021-06-22 00:00:00+00:00,MRK,gbm_quantile,sentiment,50,difference,76.19000244140625,76.82846609892385,-0.6384636575176046,0.6384636575176046
2021-06-23 00:00:00+00:00,MRK,gbm_quantile,sentiment,50,difference,75.58000183105469,76.38244844642095,-0.8024466153662644,0.8024466153662644
2021-06-24 00:00:00+00:00,MRK,gbm_quantile,sentiment,50,difference,76.36000061035156,75.67625523411049,0.6837453762410775,0.6837453762410775
2021-06-25 00:00:00+00:00,MRK,gbm_quantile,sentiment,50,difference,77.19999694824219,76.39901035781604,0.8009865904261488,0.8009865904261488
2021-06-28 00:00:00+00:00,MRK,gbm_quantile,sentiment,50,difference,76.86000061035156,77.33415245875887,-0.4741518484073026,0.4741518484073026
2021-06-29 00:00:00+00:00,MRK,gbm_quantile,sentiment,50,difference,77.20999908447266,76.91870625144114,0.29129283303151965,0.29129283303151965
2021-06-30 00:00:00+00:00,MRK,gbm_quantile,sentiment,50,difference,77.7699966430664,77.25252515651191,0.5174714865544985,0.5174714865544985
2021-07-01 00:00:00+00:00,MRK,gbm_quantile,sentiment,50,difference,77.98999786376953,77.77172427722994,0.2182735865395955,0.2182735865395955
2021-07-02 00:00:00+00:00,MRK,gbm_quantile,sentiment,50,difference,78.5999984741211,78.03014324045796,0.5698552336631337,0.5698552336631337
2021-07-06 00:00:00+00:00,MRK,gbm_quantile,sentiment,50,difference,78.11000061035156,78.60838119941833,-0.49838058906676963,0.49838058906676963
2021-07-07 00:00:00+00:00,MRK,gbm_quantile,sentiment,50,difference,78.55999755859375,78.14011718633816,0.41988037225559083,0.41988037225559083
2021-07-08 00:00:00+00:00,MRK,gbm_quantile,sentiment,50,difference,78.12000274658203,78.65477069758974,-0.5347679510077086,0.5347679510077086
2021-07-09 00:00:00+00:00,MRK,gbm_quantile,sentiment,50,difference,77.98999786376953,78.16092854425273,-0.17093068048319537,0.17093068048319537
2021-07-12 00:00:00+00:00,MRK,gbm_quantile,sentiment,50,difference,77.55000305175781,77.9848771122158,-0.43487406045798593,0.43487406045798593
2021-07-13 00:00:00+00:00,MRK,gbm_quantile,sentiment,50,difference,77.61000061035156,77.56470132584552,0.04529928450604359,0.04529928450604359
2021-07-14 00:00:00+00:00,MRK,gbm_quantile,sentiment,50,difference,77.62000274658203,77.66007523949473,-0.04007249291269943,0.04007249291269943
2021-07-15 00:00:00+00:00,MRK,gbm_quantile,sentiment,50,difference,77.9000015258789,77.68910834278182,0.2108931830970846,0.2108931830970846
2021-07-16 00:00:00+00:00,MRK,gbm_quantile,sentiment,50,difference,78.0199966430664,77.92968508061016,0.09031156245625027,0.09031156245625027
2021-07-19 00:00:00+00:00,MRK,gbm_quantile,sentiment,50,difference,77.05000305175781,77.9843457988497,-0.9343427470918897,0.9343427470918897
2021-07-20 00:00:00+00:00,MRK,gbm_quantile,sentiment,50,difference,76.16999816894531,76.93898989853277,-0.7689917295874551,0.7689917295874551
2021-07-21 00:00:00+00:00,MRK,gbm_quantile,sentiment,50,difference,76.38999938964844,76.1277161646875,0.2622832249609388,0.2622832249609388
2021-07-22 00:00:00+00:00,MRK,gbm_quantile,sentiment,50,difference,76.52999877929688,76.4624183589217,0.06758042037517953,0.06758042037517953
2021-07-23 00:00:00+00:00,MRK,gbm_quantile,sentiment,50,difference,77.54000091552734,76.53178990671552,1.008211008811827,1.008211008811827
2021-07-26 00:00:00+00:00,MRK,gbm_quantile,sentiment,50,difference,77.23999786376953,77.56164842539512,-0.3216505616255887,0.3216505616255887
2021-07-27 00:00:00+00:00,MRK,gbm_quantile,sentiment,50,difference,77.8499984741211,77.13237732674597,0.7176211473751266,0.7176211473751266
2021-07-28 00:00:00+00:00,MRK,gbm_quantile,sentiment,50,difference,78.33000183105469,77.84336262704817,0.48663920400652216,0.48663920400652216
2021-07-29 00:00:00+00:00,MRK,gbm_quantile,sentiment,50,difference,76.93000030517578,78.32628695813692,-1.3962866529611375,1.3962866529611375
2021-07-30 00:00:00+00:00,MRK,gbm_quantile,sentiment,50,difference,76.87000274658203,76.87907598179814,-0.009073235216106923,0.009073235216106923
2021-08-02 00:00:00+00:00,MRK,gbm_quantile,sentiment,50,difference,76.18000030517578,76.83147913887152,-0.6514788336957338,0.6514788336957338
2021-08-03 00:00:00+00:00,MRK,gbm_quantile,sentiment,50,difference,76.41000366210938,76.09115516432865,0.31884849778072066,0.31884849778072066
2021-08-04 00:00:00+00:00,MRK,gbm_quantile,sentiment,50,difference,75.4800033569336,76.27548585886824,-0.795482501934643,0.795482501934643
2021-08-05 00:00:00+00:00,MRK,gbm_quantile,sentiment,50,difference,75.58999633789062,75.36738072076416,0.22261561712646483,0.22261561712646483
2021-08-06 00:00:00+00:00,MRK,gbm_quantile,sentiment,50,difference,75.44000244140625,75.55367673799203,-0.11367429658578487,0.11367429658578487
2021-08-09 00:00:00+00:00,MRK,gbm_quantile,sentiment,50,difference,75.31999969482422,75.34925054919447,-0.02925085437024677,0.02925085437024677
2021-08-10 00:00:00+00:00,MRK,gbm_quantile,sentiment,50,difference,75.19000244140625,75.2471036982953,-0.05710125688905521,0.05710125688905521
2021-08-11 00:00:00+00:00,MRK,gbm_quantile,sentiment,50,difference,75.20999908447266,75.0408007756033,0.16919830886935472,0.16919830886935472
2021-08-12 00:00:00+00:00,MRK,gbm_quantile,sentiment,50,difference,76.04000091552734,74.98715702008597,1.0528438954413701,1.0528438954413701
2021-08-13 00:00:00+00:00,MRK,gbm_quantile,sentiment,50,difference,76.72000122070312,75.96022853578737,0.7597726849157596,0.7597726849157596
2021-08-16 00:00:00+00:00,MRK,gbm_quantile,sentiment,50,difference,77.93000030517578,76.69611861565083,1.2338816895249494,1.2338816895249494
2021-08-17 00:00:00+00:00,MRK,gbm_quantile,sentiment,50,difference,78.83000183105469,77.80781792679647,1.0221839042582133,1.0221839042582133
2021-08-18 00:00:00+00:00,MRK,gbm_quantile,sentiment,50,difference,77.79000091552734,78.81457361774358,-1.0245727022162328,1.0245727022162328
2021-08-19 00:00:00+00:00,MRK,gbm_quantile,sentiment,50,difference,78.45999908447266,77.83013115350609,0.6298679309665687,0.6298679309665687
2021-08-20 00:00:00+00:00,MRK,gbm_quantile,sentiment,50,difference,78.68000030517578,78.46254531036034,0.21745499481544073,0.21745499481544073
2021-08-23 00:00:00+00:00,MRK,gbm_quantile,sentiment,50,difference,78.37999725341797,78.70588166188251,-0.325884408464546,0.325884408464546
2021-08-24 00:00:00+00:00,MRK,gbm_quantile,sentiment,50,difference,77.72000122070312,78.34473854407004,-0.6247373233669151,0.6247373233669151
2021-08-25 00:00:00+00:00,MRK,gbm_quantile,sentiment,50,difference,77.06999969482422,77.65677352285758,-0.5867738280333583,0.5867738280333583
2021-08-26 00:00:00+00:00,MRK,gbm_quantile,sentiment,50,difference,76.56999969482422,76.92375470874705,-0.3537550139228358,0.3537550139228358
2021-08-27 00:00:00+00:00,MRK,gbm_quantile,sentiment,50,difference,76.30000305175781,76.48334429486904,-0.18334124311122935,0.18334124311122935
2021-08-30 00:00:00+00:00,MRK,gbm_quantile,sentiment,50,difference,76.5,76.2843353045148,0.21566469548520217,0.21566469548520217
2021-08-31 00:00:00+00:00,MRK,gbm_quantile,sentiment,50,difference,76.29000091552734,76.47356174026265,-0.18356082473530932,0.18356082473530932
2021-09-01 00:00:00+00:00,MRK,gbm_quantile,sentiment,50,difference,76.18000030517578,76.19328881321377,-0.013288508037987867,0.013288508037987867
2021-09-02 00:00:00+00:00,MRK,gbm_quantile,sentiment,50,difference,77.12000274658203,76.15853277860163,0.9614699679804062,0.9614699679804062
2021-09-03 00:00:00+00:00,MRK,gbm_quantile,sentiment,50,difference,77.26000213623047,77.12808103725611,0.13192109897435955,0.13192109897435955
2021-09-07 00:00:00+00:00,MRK,gbm_quantile,sentiment,50,difference,75.9800033569336,77.23408183945712,-1.254078482523525,1.254078482523525
2021-09-08 00:00:00+00:00,MRK,gbm_quantile,sentiment,50,difference,75.36000061035156,76.00083058899385,-0.6408299786422873,0.6408299786422873
2021-09-09 00:00:00+00:00,MRK,gbm_quantile,sentiment,50,difference,73.81999969482422,75.36751774380629,-1.5475180489820701,1.5475180489820701
2021-09-10 00:00:00+00:00,MRK,gbm_quantile,sentiment,50,difference,73.44999694824219,74.00552582498526,-0.5555288767430682,0.5555288767430682
2021-09-13 00:00:00+00:00,MRK,gbm_quantile,sentiment,50,difference,73.18000030517578,73.42167483256678,-0.24167452739099815,0.24167452739099815
2021-09-14 00:00:00+00:00,MRK,gbm_quantile,sentiment,50,difference,72.11000061035156,73.152329169728,-1.0423285593764433,1.0423285593764433
2021-09-15 00:00:00+00:00,MRK,gbm_quantile,sentiment,50,difference,72.80999755859375,72.07079871343635,0.7391988451574036,0.7391988451574036
2021-09-16 00:00:00+00:00,MRK,gbm_quantile,sentiment,50,difference,71.97000122070312,72.64121735776214,-0.6712161370590195,0.6712161370590195
2021-09-17 00:00:00+00:00,MRK,gbm_quantile,sentiment,50,difference,71.68000030517578,71.83068996241141,-0.1506896572356311,0.1506896572356311
2021-09-20 00:00:00+00:00,MRK,gbm_quantile,sentiment,50,difference,71.93000030517578,71.58699331749709,0.34300698767869164,0.34300698767869164
2021-09-21 00:00:00+00:00,MRK,gbm_quantile,sentiment,50,difference,71.97000122070312,71.86417115855798,0.10583006214514512,0.10583006214514512
2021-09-22 00:00:00+00:00,MRK,gbm_quantile,sentiment,50,difference,72.04000091552734,71.97893246738565,0.06106844814169676,0.06106844814169676
2021-09-23 00:00:00+00:00,MRK,gbm_quantile,sentiment,50,difference,73.05000305175781,71.91047449606567,1.139528555692138,1.139528555692138
2021-09-24 00:00:00+00:00,MRK,gbm_quantile,sentiment,50,difference,73.61000061035156,72.94978085216685,0.6602197581847093,0.6602197581847093
2021-09-27 00:00:00+00:00,MRK,gbm_quantile,sentiment,50,difference,73.36000061035156,73.65408741611816,-0.2940868057665966,0.2940868057665966
2021-09-28 00:00:00+00:00,MRK,gbm_quantile,sentiment,50,difference,73.31999969482422,73.3909859896723,-0.07098629484808328,0.07098629484808328
2021-09-29 00:00:00+00:00,MRK,gbm_quantile,sentiment,50,difference,75.08999633789062,73.3055202445356,1.7844760933550248,1.7844760933550248
2021-09-30 00:00:00+00:00,MRK,gbm_quantile,sentiment,50,difference,75.11000061035156,75.11011383002797,-0.00011321967640753883,0.00011321967640753883
2021-10-01 00:00:00+00:00,MRK,gbm_quantile,sentiment,50,difference,81.4000015258789,75.17938240540423,6.22061912047468,6.22061912047468
2021-10-04 00:00:00+00:00,MRK,gbm_quantile,sentiment,50,difference,83.0999984741211,81.40280566233388,1.6971928117872181,1.6971928117872181
2021-10-05 00:00:00+00:00,MRK,gbm_quantile,sentiment,50,difference,81.5999984741211,82.89336258556793,-1.2933641114468344,1.2933641114468344
2021-10-06 00:00:00+00:00,MRK,gbm_quantile,sentiment,50,difference,80.66000366210938,81.59167102329964,-0.9316673611902644,0.9316673611902644
2021-10-07 00:00:00+00:00,MRK,gbm_quantile,sentiment,50,difference,81.94000244140625,80.67958538766611,1.2604170537401416,1.2604170537401416
2021-10-08 00:00:00+00:00,MRK,gbm_quantile,sentiment,50,difference,80.62999725341797,81.97617890837886,-1.346181654960887,1.346181654960887
2021-10-11 00:00:00+00:00,MRK,gbm_quantile,sentiment,50,difference,79.93000030517578,80.7582559901752,-0.8282556849994194,0.8282556849994194
2021-10-12 00:00:00+00:00,MRK,gbm_quantile,sentiment,50,difference,79.58999633789062,80.03674624131244,-0.44674990342181786,0.44674990342181786
2021-10-13 00:00:00+00:00,MRK,gbm_quantile,sentiment,50,difference,78.94999694824219,79.56107222401367,-0.6110752757714835,0.6110752757714835
2021-10-14 00:00:00+00:00,MRK,gbm_quantile,sentiment,50,difference,78.33000183105469,79.02046605155691,-0.6904642205022213,0.6904642205022213
2021-10-15 00:00:00+00:00,MRK,gbm_quantile,sentiment,50,difference,78.33000183105469,78.38536473095768,-0.05536289990298826,0.05536289990298826
2021-10-18 00:00:00+00:00,MRK,gbm_quantile,sentiment,50,difference,77.1500015258789,78.34540702470785,-1.195405498828947,1.195405498828947
2021-10-19 00:00:00+00:00,MRK,gbm_quantile,sentiment,50,difference,79.48999786376953,77.10373508991368,2.3862627738558473,2.3862627738558473
2021-10-20 00:00:00+00:00,MRK,gbm_quantile,sentiment,50,difference,81.06999969482422,79.48150253581673,1.5884971590074883,1.5884971590074883
2021-10-21 00:00:00+00:00,MRK,gbm_quantile,sentiment,50,difference,81.16999816894531,81.06349551656294,0.10650265238237466,0.10650265238237466
2021-10-22 00:00:00+00:00,MRK,gbm_quantile,sentiment,50,difference,81.1500015258789,81.07939544167193,0.07060608420697179,0.07060608420697179
2021-10-25 00:00:00+00:00,MRK,gbm_quantile,sentiment,50,difference,81.66000366210938,81.21711776227595,0.44288589983342774,0.44288589983342774
2021-10-26 00:00:00+00:00,MRK,gbm_quantile,sentiment,50,difference,82.25,81.67425710854866,0.5757428914513412,0.5757428914513412
2021-10-27 00:00:00+00:00,MRK,gbm_quantile,sentiment,50,difference,81.54000091552734,82.21045477471719,-0.6704538591898483,0.6704538591898483
2021-10-28 00:00:00+00:00,MRK,gbm_quantile,sentiment,50,difference,86.55000305175781,81.51772812641899,5.032274925338825,5.032274925338825
2021-10-29 00:00:00+00:00,MRK,gbm_quantile,sentiment,50,difference,88.05000305175781,86.63117198489621,1.4188310668615998,1.4188310668615998
2021-11-01 00:00:00+00:00,MRK,gbm_quantile,sentiment,50,difference,87.83999633789062,88.08392781648229,-0.2439314785916622,0.2439314785916622
2021-11-02 00:00:00+00:00,MRK,gbm_quantile,sentiment,50,difference,89.0199966430664,87.76961965336683,1.250376989699575,1.250376989699575
2021-11-03 00:00:00+00:00,MRK,gbm_quantile,sentiment,50,difference,88.68000030517578,88.91901670365272,-0.23901639847693446,0.23901639847693446
2021-11-04 00:00:00+00:00,MRK,gbm_quantile,sentiment,50,difference,90.54000091552734,88.67172555718022,1.8682753583471197,1.8682753583471197
2021-11-05 00:00:00+00:00,MRK,gbm_quantile,sentiment,50,difference,81.61000061035156,90.50443351228853,-8.894432901936966,8.894432901936966
2021-11-08 00:00:00+00:00,MRK,gbm_quantile,sentiment,50,difference,82.68000030517578,81.48899968738458,1.1910006177912038,1.1910006177912038
2021-11-09 00:00:00+00:00,MRK,gbm_quantile,sentiment,50,difference,82.72000122070312,82.61481489626273,0.1051863244403961,0.1051863244403961
2021-11-10 00:00:00+00:00,MRK,gbm_quantile,sentiment,50,difference,84.01000213623047,82.7539522474545,1.2560498887759621,1.2560498887759621
2021-11-11 00:00:00+00:00,MRK,gbm_quantile,sentiment,50,difference,84.0199966430664,83.92652088315168,0.09347575991472468,0.09347575991472468
2021-11-12 00:00:00+00:00,MRK,gbm_quantile,sentiment,50,difference,84.0,83.7814527282259,0.21854727177409927,0.21854727177409927
2021-11-15 00:00:00+00:00,MRK,gbm_quantile,sentiment,50,difference,83.69000244140625,83.89768244474867,-0.20768000334241776,0.20768000334241776
2021-11-16 00:00:00+00:00,MRK,gbm_quantile,sentiment,50,difference,84.11000061035156,83.74755426907466,0.36244634127690745,0.36244634127690745
2021-11-17 00:00:00+00:00,MRK,gbm_quantile,sentiment,50,difference,82.5999984741211,84.0777086292872,-1.4777101551661076,1.4777101551661076
2021-11-18 00:00:00+00:00,MRK,gbm_quantile,sentiment,50,difference,83.05000305175781,82.4747781292559,0.575224922501917,0.575224922501917
2021-11-19 00:00:00+00:00,MRK,gbm_quantile,sentiment,50,difference,80.69999694824219,82.90252598502643,-2.2025290367842416,2.2025290367842416
2021-11-22 00:00:00+00:00,MRK,gbm_quantile,sentiment,50,difference,81.63999938964844,80.70731892802878,0.932680461619654,0.932680461619654
2021-11-23 00:00:00+00:00,MRK,gbm_quantile,sentiment,50,difference,82.80000305175781,81.46010876332429,1.339894288433527,1.339894288433527
2021-11-24 00:00:00+00:00,MRK,gbm_quantile,sentiment,50,difference,82.27999877929688,82.56307986575011,-0.2830810864532367,0.2830810864532367
2021-11-26 00:00:00+00:00,MRK,gbm_quantile,sentiment,50,difference,79.16000366210938,81.93886614841497,-2.7788624863055986,2.7788624863055986
2021-11-29 00:00:00+00:00,MRK,gbm_quantile,sentiment,50,difference,74.88999938964844,78.87557705703937,-3.9855776673909276,3.9855776673909276
2021-11-30 00:00:00+00:00,MRK,gbm_quantile,sentiment,50,difference,74.91000366210938,74.59381117473542,0.31619248737395367,0.31619248737395367
2021-12-01 00:00:00+00:00,MRK,gbm_quantile,sentiment,50,difference,74.44000244140625,74.93048691468607,-0.49048447327982103,0.49048447327982103
2021-12-02 00:00:00+00:00,MRK,gbm_quantile,sentiment,50,difference,73.88999938964844,74.54239173693256,-0.6523923472841204,0.6523923472841204
2021-12-03 00:00:00+00:00,MRK,gbm_quantile,sentiment,50,difference,73.33999633789062,73.80736108827789,-0.46736475038726155,0.46736475038726155
2021-12-06 00:00:00+00:00,MRK,gbm_quantile,sentiment,50,difference,73.41999816894531,73.18822303951518,0.23177512943013312,0.23177512943013312
2021-12-07 00:00:00+00:00,MRK,gbm_quantile,sentiment,50,difference,72.27999877929688,73.31346785062685,-1.033469071329975,1.033469071329975
2021-12-08 00:00:00+00:00,MRK,gbm_quantile,sentiment,50,difference,73.20999908447266,72.00724616940195,1.202752915070704,1.202752915070704
2021-12-09 00:00:00+00:00,MRK,gbm_quantile,sentiment,50,difference,72.86000061035156,72.88747700489847,-0.027476394546908978,0.027476394546908978
2021-12-10 00:00:00+00:00,MRK,gbm_quantile,sentiment,50,difference,72.62000274658203,72.655060052011,-0.035057305428964014,0.035057305428964014
2021-12-13 00:00:00+00:00,MRK,gbm_quantile,sentiment,50,difference,73.41999816894531,72.39409533832287,1.0259028306224423,1.0259028306224423
2021-12-14 00:00:00+00:00,MRK,gbm_quantile,sentiment,50,difference,73.72000122070312,73.27698668809002,0.4430145326131054,0.4430145326131054
2021-12-15 00:00:00+00:00,MRK,gbm_quantile,sentiment,50,difference,75.29000091552734,73.66492365536749,1.6250772601598555,1.6250772601598555
2021-12-16 00:00:00+00:00,MRK,gbm_quantile,sentiment,50,difference,75.91000366210938,75.21943140362207,0.6905722584873075,0.6905722584873075
2021-12-17 00:00:00+00:00,MRK,gbm_quantile,sentiment,50,difference,75.69000244140625,75.85833982186058,-0.16833738045433222,0.16833738045433222
2021-12-20 00:00:00+00:00,MRK,gbm_quantile,sentiment,50,difference,76.41000366210938,75.39539356291473,1.0146100991946412,1.0146100991946412
2021-12-21 00:00:00+00:00,MRK,gbm_quantile,sentiment,50,difference,75.54000091552734,76.15785997518398,-0.617859059656638,0.617859059656638
2021-12-22 00:00:00+00:00,MRK,gbm_quantile,sentiment,50,difference,76.16000366210938,75.43536441014577,0.7246392519636089,0.7246392519636089
2021-12-23 00:00:00+00:00,MRK,gbm_quantile,sentiment,50,difference,75.7300033569336,76.13785697022537,-0.4078536132917776,0.4078536132917776
2021-12-27 00:00:00+00:00,MRK,gbm_quantile,sentiment,50,difference,76.56999969482422,75.59884234641277,0.9711573484114524,0.9711573484114524
2021-12-28 00:00:00+00:00,MRK,gbm_quantile,sentiment,50,difference,76.80999755859375,76.48031419609337,0.32968336250037567,0.32968336250037567
2021-12-29 00:00:00+00:00,MRK,gbm_quantile,sentiment,50,difference,76.94999694824219,76.84285376627767,0.107143181964517,0.107143181964517
2021-12-30 00:00:00+00:00,MRK,gbm_quantile,sentiment,50,difference,77.13999938964844,76.99039846536164,0.14960092428680127,0.14960092428680127
2021-12-31 00:00:00+00:00,MRK,gbm_quantile,sentiment,50,difference,76.63999938964844,77.03302773801298,-0.39302834836453826,0.39302834836453826
2022-01-03 00:00:00+00:00,MRK,gbm_quantile,sentiment,50,difference,76.87000274658203,76.68011264436203,0.18989010222000502,0.18989010222000502
2022-01-04 00:00:00+00:00,MRK,gbm_quantile,sentiment,50,difference,77.01000213623047,76.87478742875525,0.1352147074752139,0.1352147074752139
2022-01-05 00:00:00+00:00,MRK,gbm_quantile,sentiment,50,difference,78.87999725341797,77.09429039519321,1.7857068582247564,1.7857068582247564
2022-01-06 00:00:00+00:00,MRK,gbm_quantile,sentiment,50,difference,78.83000183105469,78.96672416300231,-0.13672233194762384,0.13672233194762384
2022-01-07 00:00:00+00:00,MRK,gbm_quantile,sentiment,50,difference,80.30000305175781,79.0401411939602,1.2598618577976168,1.2598618577976168
2022-01-10 00:00:00+00:00,MRK,gbm_quantile,sentiment,50,difference,82.37000274658203,80.53700134677264,1.8330013998093904,1.8330013998093904
2022-01-11 00:00:00+00:00,MRK,gbm_quantile,sentiment,50,difference,81.66999816894531,82.57103935627563,-0.9010411873303212,0.9010411873303212
2022-01-12 00:00:00+00:00,MRK,gbm_quantile,sentiment,50,difference,81.19999694824219,81.5905726332031,-0.39057568496090767,0.39057568496090767
2022-01-13 00:00:00+00:00,MRK,gbm_quantile,sentiment,50,difference,81.31999969482422,81.13095312356724,0.18904657125698066,0.18904657125698066
2022-01-14 00:00:00+00:00,MRK,gbm_quantile,sentiment,50,difference,81.37999725341797,81.45341156962863,-0.07341431621065908,0.07341431621065908
2022-01-18 00:00:00+00:00,MRK,gbm_quantile,sentiment,50,difference,81.54000091552734,81.33964376384691,0.20035715168043566,0.20035715168043566
2022-01-19 00:00:00+00:00,MRK,gbm_quantile,sentiment,50,difference,81.29000091552734,81.60642340636817,-0.3164224908408215,0.3164224908408215
2022-01-20 00:00:00+00:00,MRK,gbm_quantile,sentiment,50,difference,80.75,81.30335376927749,-0.5533537692774928,0.5533537692774928
2022-01-21 00:00:00+00:00,MRK,gbm_quantile,sentiment,50,difference,79.9800033569336,80.71574564608314,-0.7357422891495418,0.7357422891495418
2022-01-24 00:00:00+00:00,MRK,gbm_quantile,sentiment,50,difference,78.83000183105469,79.9053443471958,-1.0753425161411059,1.0753425161411059
2022-01-25 00:00:00+00:00,MRK,gbm_quantile,sentiment,50,difference,79.45999908447266,78.7016759439749,0.7583231404977511,0.7583231404977511
2022-01-26 00:00:00+00:00,MRK,gbm_quantile,sentiment,50,difference,79.13999938964844,79.4705163581136,-0.33051696846516165,0.33051696846516165
2022-01-27 00:00:00+00:00,MRK,gbm_quantile,sentiment,50,difference,80.58000183105469,79.1258792290845,1.4541226019701838,1.4541226019701838
2022-01-28 00:00:00+00:00,MRK,gbm_quantile,sentiment,50,difference,80.9000015258789,80.48736571374067,0.41263581213823386,0.41263581213823386
2022-01-31 00:00:00+00:00,MRK,gbm_quantile,sentiment,50,difference,81.4800033569336,80.88666882537213,0.5933345315614673,0.5933345315614673
2022-02-01 00:00:00+00:00,MRK,gbm_quantile,sentiment,50,difference,81.91999816894531,81.35743645971027,0.562561709235041,0.562561709235041
2022-02-02 00:00:00+00:00,MRK,gbm_quantile,sentiment,50,difference,82.01000213623047,81.91338285161916,0.09661928461130742,0.09661928461130742
2022-02-03 00:00:00+00:00,MRK,gbm_quantile,sentiment,50,difference,79.01000213623047,81.80091089989115,-2.7909087636606813,2.7909087636606813
2022-02-04 00:00:00+00:00,MRK,gbm_quantile,sentiment,50,difference,78.55999755859375,78.80300488838009,-0.24300732978633732,0.24300732978633732
2022-02-07 00:00:00+00:00,MRK,gbm_quantile,sentiment,50,difference,77.58000183105469,78.38558960561663,-0.8055877745619426,0.8055877745619426
2022-02-08 00:00:00+00:00,MRK,gbm_quantile,sentiment,50,difference,76.91000366210938,77.4980595148917,-0.5880558527823183,0.5880558527823183
2022-02-09 00:00:00+00:00,MRK,gbm_quantile,sentiment,50,difference,76.52999877929688,76.75416855325932,-0.2241697739624442,0.2241697739624442
2022-02-10 00:00:00+00:00,MRK,gbm_quantile,sentiment,50,difference,76.55999755859375,76.40872095777252,0.15127660082123384,0.15127660082123384
2022-02-11 00:00:00+00:00,MRK,gbm_quantile,sentiment,50,difference,76.63999938964844,76.4709353173034,0.16906407234503718,0.16906407234503718
2022-02-14 00:00:00+00:00,MRK,gbm_quantile,sentiment,50,difference,76.47000122070312,76.52849785224826,-0.05849663154513962,0.05849663154513962
2022-02-15 00:00:00+00:00,MRK,gbm_quantile,sentiment,50,difference,77.80999755859375,76.37629469898388,1.4337028596098662,1.4337028596098662
2022-02-16 00:00:00+00:00,MRK,gbm_quantile,sentiment,50,difference,77.22000122070312,77.63245809060909,-0.41245686990596653,0.41245686990596653
2022-02-17 00:00:00+00:00,MRK,gbm_quantile,sentiment,50,difference,76.36000061035156,77.00094904571112,-0.6409484353595616,0.6409484353595616
2022-02-18 00:00:00+00:00,MRK,gbm_quantile,sentiment,50,difference,76.37000274658203,76.19560212510352,0.17440062147851165,0.17440062147851165
2022-02-22 00:00:00+00:00,MRK,gbm_quantile,sentiment,50,difference,75.94999694824219,76.32444197301865,-0.37444502477646324,0.37444502477646324
2022-02-23 00:00:00+00:00,MRK,gbm_quantile,sentiment,50,difference,75.83999633789062,75.88825497960316,-0.04825864171253613,0.04825864171253613
2022-02-24 00:00:00+00:00,MRK,gbm_quantile,sentiment,50,difference,73.51000213623047,75.67561957541717,-2.165617439186704,2.165617439186704
2022-02-25 00:00:00+00:00,MRK,gbm_quantile,sentiment,50,difference,76.31999969482422,73.25603857825853,3.063961116565693,3.063961116565693
2022-02-28 00:00:00+00:00,MRK,gbm_quantile,sentiment,50,difference,76.58000183105469,76.12740622637908,0.4525956046756079,0.4525956046756079
2022-03-01 00:00:00+00:00,MRK,gbm_quantile,sentiment,50,difference,76.33999633789062,76.317843701386,0.02215263650462873,0.02215263650462873
2022-03-02 00:00:00+00:00,MRK,gbm_quantile,sentiment,50,difference,76.66999816894531,76.09545232294262,0.5745458460026924,0.5745458460026924
2022-03-03 00:00:00+00:00,MRK,gbm_quantile,sentiment,50,difference,77.1500015258789,76.31930996749806,0.830691558380849,0.830691558380849
2022-03-04 00:00:00+00:00,MRK,gbm_quantile,sentiment,50,difference,77.83000183105469,76.95642329249175,0.8735785385629384,0.8735785385629384
2022-03-07 00:00:00+00:00,MRK,gbm_quantile,sentiment,50,difference,77.7300033569336,77.69304201566152,0.03696134127207529,0.03696134127207529
2022-03-08 00:00:00+00:00,MRK,gbm_quantile,sentiment,50,difference,76.94999694824219,77.63816678671786,-0.6881698384756731,0.6881698384756731
2022-03-09 00:00:00+00:00,MRK,gbm_quantile,sentiment,50,difference,77.79000091552734,76.7695459162532,1.0204549992741505,1.0204549992741505
2022-03-10 00:00:00+00:00,MRK,gbm_quantile,sentiment,50,difference,77.88999938964844,77.49618171515596,0.39381767449248173,0.39381767449248173
2022-03-11 00:00:00+00:00,MRK,gbm_quantile,sentiment,50,difference,78.26000213623047,77.76332858196574,0.49667355426473137,0.49667355426473137
2022-03-14 00:00:00+00:00,MRK,gbm_quantile,sentiment,50,difference,77.77999877929688,78.10471990899028,-0.32472112969340117,0.32472112969340117
2022-03-15 00:00:00+00:00,MRK,gbm_quantile,sentiment,50,difference,78.63999938964844,77.57039303099843,1.069606358650006,1.069606358650006
2022-03-16 00:00:00+00:00,MRK,gbm_quantile,sentiment,50,difference,78.12000274658203,78.41427680795836,-0.2942740613763277,0.2942740613763277
2022-03-17 00:00:00+00:00,MRK,gbm_quantile,sentiment,50,difference,78.94000244140625,78.03993443984194,0.900068001564307,0.900068001564307
2022-03-18 00:00:00+00:00,MRK,gbm_quantile,sentiment,50,difference,79.11000061035156,78.83100466955557,0.2789959407959941,0.2789959407959941
2022-03-21 00:00:00+00:00,MRK,gbm_quantile,sentiment,50,difference,79.05999755859375,78.94433282691129,0.1156647316824575,0.1156647316824575
2022-03-22 00:00:00+00:00,MRK,gbm_quantile,sentiment,50,difference,79.30000305175781,79.08078903913655,0.21921401262126494,0.21921401262126494
2022-03-23 00:00:00+00:00,MRK,gbm_quantile,sentiment,50,difference,79.7300033569336,79.26034960983174,0.4696537471018587,0.4696537471018587
2022-03-24 00:00:00+00:00,MRK,gbm_quantile,sentiment,50,difference,80.41000366210938,79.65101664306293,0.7589870190464438,0.7589870190464438
2022-03-25 00:00:00+00:00,MRK,gbm_quantile,sentiment,50,difference,81.33999633789062,80.35517891713627,0.9848174207543536,0.9848174207543536
2022-03-28 00:00:00+00:00,MRK,gbm_quantile,sentiment,50,difference,81.20999908447266,81.24428637094859,-0.034287286475930046,0.034287286475930046
2022-03-29 00:00:00+00:00,MRK,gbm_quantile,sentiment,50,difference,81.56999969482422,81.16283821789187,0.4071614769323446,0.4071614769323446
2022-03-30 00:00:00+00:00,MRK,gbm_quantile,sentiment,50,difference,82.4000015258789,81.56467927715578,0.8353222487231307,0.8353222487231307
2022-03-31 00:00:00+00:00,MRK,gbm_quantile,sentiment,50,difference,82.05000305175781,82.37117248259328,-0.321169430835468,0.321169430835468
2022-04-01 00:00:00+00:00,MRK,gbm_quantile,sentiment,50,difference,83.5199966430664,82.022057698071,1.4979389449954112,1.4979389449954112
2022-04-04 00:00:00+00:00,MRK,gbm_quantile,sentiment,50,difference,83.48999786376953,83.4120482584212,0.07794960534833706,0.07794960534833706
2022-04-05 00:00:00+00:00,MRK,gbm_quantile,sentiment,50,difference,83.72000122070312,83.56067652084268,0.1593246998604485,0.1593246998604485
2022-04-06 00:00:00+00:00,MRK,gbm_quantile,sentiment,50,difference,84.97000122070312,83.63786468333177,1.3321365373713547,1.3321365373713547
2022-04-07 00:00:00+00:00,MRK,gbm_quantile,sentiment,50,difference,86.80000305175781,84.91578067638258,1.8842223753752307,1.8842223753752307
2022-04-08 00:00:00+00:00,MRK,gbm_quantile,sentiment,50,difference,87.68000030517578,86.73570723983009,0.9442930653456898,0.9442930653456898
2022-04-11 00:00:00+00:00,MRK,gbm_quantile,sentiment,50,difference,86.62999725341797,87.50652371184823,-0.8765264584302628,0.8765264584302628
2022-04-12 00:00:00+00:00,MRK,gbm_quantile,sentiment,50,difference,85.62999725341797,86.56132451225466,-0.9313272588366885,0.9313272588366885
2022-04-13 00:00:00+00:00,MRK,gbm_quantile,sentiment,50,difference,86.12999725341797,85.69936499653525,0.430632256882717,0.430632256882717
2022-04-14 00:00:00+00:00,MRK,gbm_quantile,sentiment,50,difference,86.91000366210938,86.10500540741762,0.8049982546917533,0.8049982546917533
2022-04-18 00:00:00+00:00,MRK,gbm_quantile,sentiment,50,difference,86.06999969482422,86.65171419605343,-0.5817145012292144,0.5817145012292144
2022-04-19 00:00:00+00:00,MRK,gbm_quantile,sentiment,50,difference,85.79000091552734,85.94055924393457,-0.15055832840722871,0.15055832840722871
2022-04-20 00:00:00+00:00,MRK,gbm_quantile,sentiment,50,difference,86.45999908447266,85.72396187919809,0.7360372052745703,0.7360372052745703
2022-04-21 00:00:00+00:00,MRK,gbm_quantile,sentiment,50,difference,86.2300033569336,86.34971446326838,-0.11971110633479043,0.11971110633479043
2022-04-22 00:00:00+00:00,MRK,gbm_quantile,sentiment,50,difference,84.58999633789062,86.18156907055123,-1.5915727326606088,1.5915727326606088
2022-04-25 00:00:00+00:00,MRK,gbm_quantile,sentiment,50,difference,85.44000244140625,84.34567855683561,1.0943238845706418,1.0943238845706418
2022-04-26 00:00:00+00:00,MRK,gbm_quantile,sentiment,50,difference,84.4800033569336,85.28353420429445,-0.8035308473608609,0.8035308473608609
2022-04-27 00:00:00+00:00,MRK,gbm_quantile,sentiment,50,difference,84.41000366210938,84.3399815853125,0.07002207679687444,0.07002207679687444
2022-04-28 00:00:00+00:00,MRK,gbm_quantile,sentiment,50,difference,88.58000183105469,84.35542800187943,4.224573829175256,4.224573829175256
2022-04-29 00:00:00+00:00,MRK,gbm_quantile,sentiment,50,difference,88.69000244140625,88.43335928243756,0.2566431589686857,0.2566431589686857
2022-05-02 00:00:00+00:00,MRK,gbm_quantile,sentiment,50,difference,87.6500015258789,88.51004222099154,-0.8600406951126303,0.8600406951126303
2022-05-03 00:00:00+00:00,MRK,gbm_quantile,sentiment,50,difference,87.0999984741211,87.5810871487397,-0.4810886746186043,0.4810886746186043
2022-05-04 00:00:00+00:00,MRK,gbm_quantile,sentiment,50,difference,88.5199966430664,87.06802905616398,1.4519675869024269,1.4519675869024269
2022-05-05 00:00:00+00:00,MRK,gbm_quantile,sentiment,50,difference,88.01000213623047,88.2962047619949,-0.2862026257644317,0.2862026257644317
2022-05-06 00:00:00+00:00,MRK,gbm_quantile,sentiment,50,difference,88.38999938964844,88.01412907006299,0.37587031958544515,0.37587031958544515
2022-05-09 00:00:00+00:00,MRK,gbm_quantile,sentiment,50,difference,87.63999938964844,88.29657319278196,-0.6565738031335258,0.6565738031335258
2022-05-10 00:00:00+00:00,MRK,gbm_quantile,sentiment,50,difference,87.80999755859375,87.584082862816,0.22591469577774603,0.22591469577774603
2022-05-11 00:00:00+00:00,MRK,gbm_quantile,sentiment,50,difference,89.19000244140625,87.6663795176743,1.5236229237319492,1.5236229237319492
2022-05-12 00:00:00+00:00,MRK,gbm_quantile,sentiment,50,difference,90.83000183105467,88.9547701800141,1.875231651040579,1.875231651040579
2022-05-13 00:00:00+00:00,MRK,gbm_quantile,sentiment,50,difference,90.41000366210938,90.5980086042542,-0.1880049421448291,0.1880049421448291
2022-05-16 00:00:00+00:00,MRK,gbm_quantile,sentiment,50,difference,92.31999969482422,90.42500226742804,1.8949974273961772,1.8949974273961772
2022-05-17 00:00:00+00:00,MRK,gbm_quantile,sentiment,50,difference,93.0,92.26151672917074,0.7384832708292635,0.7384832708292635
2022-05-18 00:00:00+00:00,MRK,gbm_quantile,sentiment,50,difference,92.0999984741211,92.83341559041658,-0.7334171162954846,0.7334171162954846
2022-05-19 00:00:00+00:00,MRK,gbm_quantile,sentiment,50,difference,92.08999633789062,92.0495686439301,0.040427693960523925,0.040427693960523925
2022-05-20 00:00:00+00:00,MRK,gbm_quantile,sentiment,50,difference,93.5500030517578,91.89429880836302,1.65570424339478,1.65570424339478
2022-05-23 00:00:00+00:00,MRK,gbm_quantile,sentiment,50,difference,93.83000183105467,93.42994781982463,0.4000540112300399,0.4000540112300399
2022-05-24 00:00:00+00:00,MRK,gbm_quantile,sentiment,50,difference,94.63999938964844,93.62680083323231,1.0131985564161283,1.0131985564161283
2022-05-25 00:00:00+00:00,MRK,gbm_quantile,sentiment,50,difference,93.75,94.25722619198235,-0.5072261919823546,0.5072261919823546
2022-05-26 00:00:00+00:00,MRK,gbm_quantile,sentiment,50,difference,92.30999755859376,93.43576392224942,-1.1257663636556572,1.1257663636556572
2022-05-27 00:00:00+00:00,MRK,gbm_quantile,sentiment,50,difference,93.08000183105467,92.11907028614225,0.9609315449124267,0.9609315449124267
2022-05-31 00:00:00+00:00,MRK,gbm_quantile,sentiment,50,difference,92.02999877929688,92.90624437691963,-0.8762455976227557,0.8762455976227557
2022-06-01 00:00:00+00:00,MRK,gbm_quantile,sentiment,50,difference,91.13999938964844,91.67288727958773,-0.532887889939289,0.532887889939289
2022-06-02 00:00:00+00:00,MRK,gbm_quantile,sentiment,50,difference,90.0,91.0073877265938,-1.0073877265938052,1.0073877265938052
2022-06-03 00:00:00+00:00,MRK,gbm_quantile,sentiment,50,difference,89.91000366210938,89.9935136676456,-0.08351000553622612,0.08351000553622612
2022-06-06 00:00:00+00:00,MRK,gbm_quantile,sentiment,50,difference,89.83999633789062,89.8464670274629,-0.006470689572267929,0.006470689572267929
2022-06-07 00:00:00+00:00,MRK,gbm_quantile,sentiment,50,difference,90.4800033569336,89.74001354062919,0.7399898163044014,0.7399898163044014
2022-06-08 00:00:00+00:00,MRK,gbm_quantile,sentiment,50,difference,89.4800033569336,90.37098213348845,-0.89097877655486,0.89097877655486
2022-06-09 00:00:00+00:00,MRK,gbm_quantile,sentiment,50,difference,88.0,89.32542673951095,-1.3254267395109451,1.3254267395109451
2022-06-10 00:00:00+00:00,MRK,gbm_quantile,sentiment,50,difference,87.18000030517578,87.84811119995885,-0.6681108947830694,0.6681108947830694
2022-06-13 00:00:00+00:00,MRK,gbm_quantile,sentiment,50,difference,85.0,87.12552804898759,-2.12552804898759,2.12552804898759
2022-06-14 00:00:00+00:00,MRK,gbm_quantile,sentiment,50,difference,84.5,84.89687225206401,-0.3968722520640142,0.3968722520640142
2022-06-15 00:00:00+00:00,MRK,gbm_quantile,sentiment,50,difference,84.62999725341797,84.4620688084838,0.16792844493416226,0.16792844493416226
2022-06-16 00:00:00+00:00,MRK,gbm_quantile,sentiment,50,difference,84.88999938964844,84.6126159340491,0.27738345559933464,0.27738345559933464
2022-06-17 00:00:00+00:00,MRK,gbm_quantile,sentiment,50,difference,84.62000274658203,84.83224299046935,-0.21224024388732232,0.21224024388732232
2022-06-21 00:00:00+00:00,MRK,gbm_quantile,sentiment,50,difference,88.02999877929688,84.43838551615829,3.5916132631385835,3.5916132631385835
2022-06-22 00:00:00+00:00,MRK,gbm_quantile,sentiment,50,difference,89.16000366210938,87.93000365095058,1.2300000111587934,1.2300000111587934
2022-06-23 00:00:00+00:00,MRK,gbm_quantile,sentiment,50,difference,92.0,89.0652925599555,2.9347074400445052,2.9347074400445052
2022-06-24 00:00:00+00:00,MRK,gbm_quantile,sentiment,50,difference,93.12999725341795,91.82551716019219,1.304480093225763,1.304480093225763
2022-06-27 00:00:00+00:00,MRK,gbm_quantile,sentiment,50,difference,94.41000366210938,92.89036831869257,1.5196353434168088,1.5196353434168088
2022-06-28 00:00:00+00:00,MRK,gbm_quantile,sentiment,50,difference,91.88999938964844,94.104010321537,-2.2140109318885663,2.2140109318885663
2022-06-29 00:00:00+00:00,MRK,gbm_quantile,sentiment,50,difference,92.51000213623048,91.85034749525144,0.659654640979042,0.659654640979042
2022-06-30 00:00:00+00:00,MRK,gbm_quantile,sentiment,50,difference,91.16999816894533,92.27329209838841,-1.1032939294430832,1.1032939294430832
2022-07-01 00:00:00+00:00,MRK,gbm_quantile,sentiment,50,difference,92.41999816894533,90.97392764492166,1.4460705240236678,1.4460705240236678
2022-07-05 00:00:00+00:00,MRK,gbm_quantile,sentiment,50,difference,92.63999938964844,91.93398666561583,0.706012724032604,0.706012724032604
2022-07-06 00:00:00+00:00,MRK,gbm_quantile,sentiment,50,difference,93.12999725341795,92.38742048996689,0.7425767634510692,0.7425767634510692
2022-07-07 00:00:00+00:00,MRK,gbm_quantile,sentiment,50,difference,93.01000213623048,92.86301956791701,0.14698256831347578,0.14698256831347578
2022-07-08 00:00:00+00:00,MRK,gbm_quantile,sentiment,50,difference,92.77999877929688,93.01524892597865,-0.23525014668177846,0.23525014668177846
2022-07-11 00:00:00+00:00,MRK,gbm_quantile,sentiment,50,difference,94.3000030517578,92.73425375170532,1.5657493000524738,1.5657493000524738
2022-07-12 00:00:00+00:00,MRK,gbm_quantile,sentiment,50,difference,93.5999984741211,94.2941026143667,-0.6941041402455994,0.6941041402455994
2022-07-13 00:00:00+00:00,MRK,gbm_quantile,sentiment,50,difference,93.7699966430664,93.62581960155937,0.14417704150703514,0.14417704150703514
2022-07-14 00:00:00+00:00,MRK,gbm_quantile,sentiment,50,difference,93.87999725341795,93.86668376018653,0.013313493231422058,0.013313493231422058
2022-07-15 00:00:00+00:00,MRK,gbm_quantile,sentiment,50,difference,94.95999908447266,93.89442842328562,1.0655706611870386,1.0655706611870386
2022-07-18 00:00:00+00:00,MRK,gbm_quantile,sentiment,50,difference,92.33999633789062,94.89215066550604,-2.552154327615412,2.552154327615412
2022-07-19 00:00:00+00:00,MRK,gbm_quantile,sentiment,50,difference,92.36000061035156,92.34814792611911,0.011852684232451338,0.011852684232451338
2022-07-20 00:00:00+00:00,MRK,gbm_quantile,sentiment,50,difference,89.6500015258789,92.48475596695125,-2.8347544410723486,2.8347544410723486
2022-07-21 00:00:00+00:00,MRK,gbm_quantile,sentiment,50,difference,90.13999938964844,89.60706916195238,0.5329302276960561,0.5329302276960561
2022-07-22 00:00:00+00:00,MRK,gbm_quantile,sentiment,50,difference,90.11000061035156,90.1388403095317,-0.028839699180139178,0.028839699180139178
2022-07-25 00:00:00+00:00,MRK,gbm_quantile,sentiment,50,difference,90.52999877929688,90.1138805256182,0.4161182536786754,0.4161182536786754
2022-07-26 00:00:00+00:00,MRK,gbm_quantile,sentiment,50,difference,91.29000091552734,90.45055400331329,0.8394469122140578,0.8394469122140578
2022-07-27 00:00:00+00:00,MRK,gbm_quantile,sentiment,50,difference,91.2300033569336,91.29129263504942,-0.0612892781158223,0.0612892781158223
2022-07-28 00:00:00+00:00,MRK,gbm_quantile,sentiment,50,difference,89.94000244140625,91.25408097777171,-1.3140785363654572,1.3140785363654572
2022-07-29 00:00:00+00:00,MRK,gbm_quantile,sentiment,50,difference,89.33999633789062,89.87099576645537,-0.5309994285647406,0.5309994285647406
2022-08-01 00:00:00+00:00,MRK,gbm_quantile,sentiment,50,difference,88.52999877929688,89.18048312024281,-0.6504843409459369,0.6504843409459369
2022-08-02 00:00:00+00:00,MRK,gbm_quantile,sentiment,50,difference,87.61000061035156,88.39663896733349,-0.7866383569819249,0.7866383569819249
2022-08-03 00:00:00+00:00,MRK,gbm_quantile,sentiment,50,difference,87.62000274658203,87.41253784406688,0.2074649025151558,0.2074649025151558
2022-08-04 00:00:00+00:00,MRK,gbm_quantile,sentiment,50,difference,86.81999969482422,87.40786746331466,-0.5878677684904403,0.5878677684904403
2022-08-05 00:00:00+00:00,MRK,gbm_quantile,sentiment,50,difference,87.41000366210938,86.58687540018214,0.8231282619272378,0.8231282619272378
2022-08-08 00:00:00+00:00,MRK,gbm_quantile,sentiment,50,difference,88.48999786376953,87.39863720606346,1.0913606577060762,1.0913606577060762
2022-08-09 00:00:00+00:00,MRK,gbm_quantile,sentiment,50,difference,89.5199966430664,88.36546832989981,1.154528313166594,1.154528313166594
2022-08-10 00:00:00+00:00,MRK,gbm_quantile,sentiment,50,difference,89.19000244140625,89.40748064476074,-0.21747820335448864,0.21747820335448864
2022-08-11 00:00:00+00:00,MRK,gbm_quantile,sentiment,50,difference,88.93000030517578,89.19520715707277,-0.2652068518969912,0.2652068518969912
2022-08-12 00:00:00+00:00,MRK,gbm_quantile,sentiment,50,difference,91.0199966430664,88.65928906924326,2.3607075738231487,2.3607075738231487
2022-08-15 00:00:00+00:00,MRK,gbm_quantile,sentiment,50,difference,90.5999984741211,90.91666364937143,-0.31666517525033555,0.31666517525033555
2022-08-16 00:00:00+00:00,MRK,gbm_quantile,sentiment,50,difference,90.58999633789062,90.47302183098817,0.11697450690245148,0.11697450690245148
2022-08-17 00:00:00+00:00,MRK,gbm_quantile,sentiment,50,difference,91.04000091552734,90.36304057557295,0.6769603399543911,0.6769603399543911
2022-08-18 00:00:00+00:00,MRK,gbm_quantile,sentiment,50,difference,91.4000015258789,90.80732128602823,0.5926802398506794,0.5926802398506794
2022-08-19 00:00:00+00:00,MRK,gbm_quantile,sentiment,50,difference,92.08000183105467,91.17775733939374,0.9022444916609373,0.9022444916609373
2022-08-22 00:00:00+00:00,MRK,gbm_quantile,sentiment,50,difference,91.16000366210938,91.77571913398748,-0.6157154718781044,0.6157154718781044
2022-08-23 00:00:00+00:00,MRK,gbm_quantile,sentiment,50,difference,90.1999969482422,91.00190261092604,-0.8019056626838363,0.8019056626838363
2022-08-24 00:00:00+00:00,MRK,gbm_quantile,sentiment,50,difference,90.01000213623047,90.21388169038583,-0.20387955415536396,0.20387955415536396
2022-08-25 00:00:00+00:00,MRK,gbm_quantile,sentiment,50,difference,90.2699966430664,89.86683543175096,0.40316121131544946,0.40316121131544946
2022-08-26 00:00:00+00:00,MRK,gbm_quantile,sentiment,50,difference,89.26000213623047,90.14857123160317,-0.8885690953727021,0.8885690953727021
2022-08-29 00:00:00+00:00,MRK,gbm_quantile,sentiment,50,difference,87.58999633789062,89.04304930007436,-1.4530529621837331,1.4530529621837331
2022-08-30 00:00:00+00:00,MRK,gbm_quantile,sentiment,50,difference,86.87999725341797,87.48656469421493,-0.6065674407969652,0.6065674407969652
2022-08-31 00:00:00+00:00,MRK,gbm_quantile,sentiment,50,difference,85.36000061035156,86.87792878349741,-1.5179281731458474,1.5179281731458474
2022-09-01 00:00:00+00:00,MRK,gbm_quantile,sentiment,50,difference,87.1500015258789,85.25442657647459,1.8955749494043204,1.8955749494043204
2022-09-02 00:00:00+00:00,MRK,gbm_quantile,sentiment,50,difference,86.2300033569336,87.29494412110012,-1.064940764166522,1.064940764166522
2022-09-06 00:00:00+00:00,MRK,gbm_quantile,sentiment,50,difference,86.41999816894531,86.15482196550349,0.26517620344182546,0.26517620344182546
2022-09-07 00:00:00+00:00,MRK,gbm_quantile,sentiment,50,difference,86.87000274658203,86.26866334964409,0.601339396937945,0.601339396937945
2022-09-08 00:00:00+00:00,MRK,gbm_quantile,sentiment,50,difference,87.41999816894531,87.00215845557845,0.41783971336685966,0.41783971336685966
2022-09-09 00:00:00+00:00,MRK,gbm_quantile,sentiment,50,difference,87.33999633789062,87.16310188149397,0.1768944563966528,0.1768944563966528
2022-09-12 00:00:00+00:00,MRK,gbm_quantile,sentiment,50,difference,88.16000366210938,87.1767780886249,0.983225573484475,0.983225573484475
2022-09-13 00:00:00+00:00,MRK,gbm_quantile,sentiment,50,difference,86.27999877929688,88.04296231416645,-1.76296353486957,1.76296353486957
2022-09-14 00:00:00+00:00,MRK,gbm_quantile,sentiment,50,difference,86.94999694824219,85.92317404644459,1.0268229017976012,1.0268229017976012
2022-09-15 00:00:00+00:00,MRK,gbm_quantile,sentiment,50,difference,86.75,86.8015997762349,-0.051599776234894534,0.051599776234894534
2022-09-16 00:00:00+00:00,MRK,gbm_quantile,sentiment,50,difference,87.72000122070312,86.56554190711383,1.1544593135892995,1.1544593135892995
2022-09-19 00:00:00+00:00,MRK,gbm_quantile,sentiment,50,difference,86.63999938964844,87.64396400734513,-1.0039646176966954,1.0039646176966954
2022-09-20 00:00:00+00:00,MRK,gbm_quantile,sentiment,50,difference,86.0,86.58510476600779,-0.5851047660077882,0.5851047660077882
2022-09-21 00:00:00+00:00,MRK,gbm_quantile,sentiment,50,difference,84.52999877929688,85.69914775983261,-1.1691489805357378,1.1691489805357378
2022-09-22 00:00:00+00:00,MRK,gbm_quantile,sentiment,50,difference,87.51000213623047,84.05174899734166,3.458253138888807,3.458253138888807
2022-09-23 00:00:00+00:00,MRK,gbm_quantile,sentiment,50,difference,86.77999877929688,87.23977067043437,-0.4597718911374926,0.4597718911374926
2022-09-26 00:00:00+00:00,MRK,gbm_quantile,sentiment,50,difference,86.18000030517578,86.60472801468666,-0.4247277095108757,0.4247277095108757
2022-09-27 00:00:00+00:00,MRK,gbm_quantile,sentiment,50,difference,85.83999633789062,86.20334753314367,-0.3633511952530455,0.3633511952530455
2022-09-28 00:00:00+00:00,MRK,gbm_quantile,sentiment,50,difference,86.77999877929688,85.70329635020063,1.076702429096244,1.076702429096244
2022-09-29 00:00:00+00:00,MRK,gbm_quantile,sentiment,50,difference,86.63999938964844,86.53552244190759,0.10447694774084937,0.10447694774084937
2022-09-30 00:00:00+00:00,MRK,gbm_quantile,sentiment,50,difference,86.12000274658203,86.42015416287735,-0.3001514162953214,0.3001514162953214
2022-10-03 00:00:00+00:00,MRK,gbm_quantile,sentiment,50,difference,87.55000305175781,85.9618624836722,1.5881405680856062,1.5881405680856062
2022-10-04 00:00:00+00:00,MRK,gbm_quantile,sentiment,50,difference,88.38999938964844,87.51710808819908,0.8728913014493571,0.8728913014493571
2022-10-05 00:00:00+00:00,MRK,gbm_quantile,sentiment,50,difference,88.38999938964844,88.15254455569632,0.23745483395211409,0.23745483395211409
2022-10-06 00:00:00+00:00,MRK,gbm_quantile,sentiment,50,difference,87.44000244140625,88.17076871334125,-0.7307662719349963,0.7307662719349963
2022-10-07 00:00:00+00:00,MRK,gbm_quantile,sentiment,50,difference,87.5999984741211,87.20784262249107,0.3921558516300223,0.3921558516300223
2022-10-10 00:00:00+00:00,MRK,gbm_quantile,sentiment,50,difference,90.4800033569336,87.47739114237906,3.0026122145545315,3.0026122145545315
2022-10-11 00:00:00+00:00,MRK,gbm_quantile,sentiment,50,difference,91.0500030517578,90.38743491912224,0.6625681326355561,0.6625681326355561
2022-10-12 00:00:00+00:00,MRK,gbm_quantile,sentiment,50,difference,90.41999816894533,91.12815630853021,-0.7081581395848815,0.7081581395848815
2022-10-13 00:00:00+00:00,MRK,gbm_quantile,sentiment,50,difference,92.48999786376952,90.48040518448681,2.0095926792827044,2.0095926792827044
2022-10-14 00:00:00+00:00,MRK,gbm_quantile,sentiment,50,difference,92.18000030517578,92.35685007545948,-0.1768497702836953,0.1768497702836953
2022-10-17 00:00:00+00:00,MRK,gbm_quantile,sentiment,50,difference,94.12000274658205,92.16889090777785,1.951111838804195,1.951111838804195
2022-10-18 00:00:00+00:00,MRK,gbm_quantile,sentiment,50,difference,94.61000061035156,93.93572573694179,0.6742748734097717,0.6742748734097717
2022-10-19 00:00:00+00:00,MRK,gbm_quantile,sentiment,50,difference,93.26000213623048,94.67351651670198,-1.4135143804714971,1.4135143804714971
2022-10-20 00:00:00+00:00,MRK,gbm_quantile,sentiment,50,difference,92.94000244140624,93.14871560898052,-0.20871316757428815,0.20871316757428815
2022-10-21 00:00:00+00:00,MRK,gbm_quantile,sentiment,50,difference,95.66999816894533,92.84081276103524,2.8291854079100887,2.8291854079100887
2022-10-24 00:00:00+00:00,MRK,gbm_quantile,sentiment,50,difference,97.37000274658205,95.51692994301834,1.8530728035637054,1.8530728035637054
2022-10-25 00:00:00+00:00,MRK,gbm_quantile,sentiment,50,difference,97.70999908447266,97.21208172807427,0.4979173563983892,0.4979173563983892
2022-10-26 00:00:00+00:00,MRK,gbm_quantile,sentiment,50,difference,98.41000366210938,97.36194199600703,1.0480616661023419,1.0480616661023419
2022-10-27 00:00:00+00:00,MRK,gbm_quantile,sentiment,50,difference,99.73999786376952,98.29513975958066,1.444858104188853,1.444858104188853
2022-10-28 00:00:00+00:00,MRK,gbm_quantile,sentiment,50,difference,100.7699966430664,99.57447510624452,1.1955215368218859,1.1955215368218859
2022-10-31 00:00:00+00:00,MRK,gbm_quantile,sentiment,50,difference,101.1999969482422,100.62342133268444,0.5765756155577577,0.5765756155577577
2022-11-01 00:00:00+00:00,MRK,gbm_quantile,sentiment,50,difference,99.76000213623048,101.0252372761142,-1.265235139883714,1.265235139883714
2022-11-02 00:00:00+00:00,MRK,gbm_quantile,sentiment,50,difference,99.4000015258789,99.51730013416184,-0.11729860828293681,0.11729860828293681
2022-11-03 00:00:00+00:00,MRK,gbm_quantile,sentiment,50,difference,98.75,99.23235363341065,-0.4823536334106535,0.4823536334106535
2022-11-04 00:00:00+00:00,MRK,gbm_quantile,sentiment,50,difference,99.1999969482422,98.47887179166175,0.721125156580456,0.721125156580456
2022-11-07 00:00:00+00:00,MRK,gbm_quantile,sentiment,50,difference,100.06999969482422,98.86736777967143,1.2026319151527929,1.2026319151527929
2022-11-08 00:00:00+00:00,MRK,gbm_quantile,sentiment,50,difference,101.5,100.0293056424511,1.4706943575488935,1.4706943575488935
2022-11-09 00:00:00+00:00,MRK,gbm_quantile,sentiment,50,difference,101.58999633789062,101.38276347536643,0.2072328625241937,0.2072328625241937
2022-11-10 00:00:00+00:00,MRK,gbm_quantile,sentiment,50,difference,101.88999938964844,101.28855626490167,0.6014431247467655,0.6014431247467655
2022-11-11 00:00:00+00:00,MRK,gbm_quantile,sentiment,50,difference,97.95999908447266,101.69696686977117,-3.7369677852985177,3.7369677852985177
2022-11-14 00:00:00+00:00,MRK,gbm_quantile,sentiment,50,difference,100.3499984741211,97.82490043670992,2.525098037411169,2.525098037411169
2022-11-15 00:00:00+00:00,MRK,gbm_quantile,sentiment,50,difference,99.5999984741211,100.22986909543367,-0.6298706213125769,0.6298706213125769
2022-11-16 00:00:00+00:00,MRK,gbm_quantile,sentiment,50,difference,99.93000030517578,99.44316717399742,0.4868331311783578,0.4868331311783578
2022-11-17 00:00:00+00:00,MRK,gbm_quantile,sentiment,50,difference,102.30999755859376,99.83120712602904,2.478790432564722,2.478790432564722
2022-11-18 00:00:00+00:00,MRK,gbm_quantile,sentiment,50,difference,104.2300033569336,102.16128272145325,2.0687206354803465,2.0687206354803465
2022-11-21 00:00:00+00:00,MRK,gbm_quantile,sentiment,50,difference,105.61000061035156,104.09793420498349,1.5120664053680741,1.5120664053680741
2022-11-22 00:00:00+00:00,MRK,gbm_quantile,sentiment,50,difference,106.9000015258789,105.475786393515,1.424215132363912,1.424215132363912
2022-11-23 00:00:00+00:00,MRK,gbm_quantile,sentiment,50,difference,106.81999969482422,106.89599512574551,-0.07599543092129579,0.07599543092129579
2022-11-25 00:00:00+00:00,MRK,gbm_quantile,sentiment,50,difference,107.5,106.67402726865032,0.8259727313496796,0.8259727313496796
2022-11-28 00:00:00+00:00,MRK,gbm_quantile,sentiment,50,difference,108.4499969482422,107.43672104414765,1.0132759040945558,1.0132759040945558
2022-11-29 00:00:00+00:00,MRK,gbm_quantile,sentiment,50,difference,108.83999633789062,108.44479283909166,0.39520349879896344,0.39520349879896344
2022-11-30 00:00:00+00:00,MRK,gbm_quantile,sentiment,50,difference,110.12000274658205,108.5485516974986,1.57145104908345,1.57145104908345
2022-12-01 00:00:00+00:00,MRK,gbm_quantile,sentiment,50,difference,109.8000030517578,110.0059467485974,-0.20594369683959712,0.20594369683959712
2022-12-02 00:00:00+00:00,MRK,gbm_quantile,sentiment,50,difference,110.04000091552734,109.64116774121541,0.39883317431193177,0.39883317431193177
2022-12-05 00:00:00+00:00,MRK,gbm_quantile,sentiment,50,difference,110.01000213623048,109.85244819421843,0.15755394201205775,0.15755394201205775
2022-12-06 00:00:00+00:00,MRK,gbm_quantile,sentiment,50,difference,108.93000030517578,109.92294546096406,-0.9929451557882771,0.9929451557882771
2022-12-07 00:00:00+00:00,MRK,gbm_quantile,sentiment,50,difference,110.08999633789062,108.6539786161985,1.4360177216921244,1.4360177216921244
2022-12-08 00:00:00+00:00,MRK,gbm_quantile,sentiment,50,difference,110.8499984741211,110.03575153573203,0.8142469383890614,0.8142469383890614
2022-12-09 00:00:00+00:00,MRK,gbm_quantile,sentiment,50,difference,108.77999877929688,110.9421490572571,-2.1621502779602224,2.1621502779602224
2022-12-12 00:00:00+00:00,MRK,gbm_quantile,sentiment,50,difference,108.97000122070312,108.55090218026096,0.4190990404421626,0.4190990404421626
2022-12-13 00:00:00+00:00,MRK,gbm_quantile,sentiment,50,difference,110.91000366210938,108.81916123250434,2.0908424296050327,2.0908424296050327
2022-12-14 00:00:00+00:00,MRK,gbm_quantile,sentiment,50,difference,111.5500030517578,110.69804077390775,0.8519622778500491,0.8519622778500491
2022-12-15 00:00:00+00:00,MRK,gbm_quantile,sentiment,50,difference,109.62999725341795,111.3336566944422,-1.703659441024243,1.703659441024243
2022-12-16 00:00:00+00:00,MRK,gbm_quantile,sentiment,50,difference,109.1999969482422,109.47717329240396,-0.2771763441617594,0.2771763441617594
2022-12-19 00:00:00+00:00,MRK,gbm_quantile,sentiment,50,difference,109.44000244140624,108.99565795854156,0.444344482864679,0.444344482864679
2022-12-20 00:00:00+00:00,MRK,gbm_quantile,sentiment,50,difference,109.70999908447266,109.26972729543277,0.4402717890398833,0.4402717890398833
2022-12-21 00:00:00+00:00,MRK,gbm_quantile,sentiment,50,difference,111.11000061035156,109.51574631510675,1.5942542952448093,1.5942542952448093
2022-12-22 00:00:00+00:00,MRK,gbm_quantile,sentiment,50,difference,111.23999786376952,110.832160052366,0.4078378114035104,0.4078378114035104
2022-12-23 00:00:00+00:00,MRK,gbm_quantile,sentiment,50,difference,111.86000061035156,111.07491891423244,0.7850816961191214,0.7850816961191214
2022-12-27 00:00:00+00:00,MRK,gbm_quantile,sentiment,50,difference,112.12000274658205,111.87167257137641,0.24833017520563772,0.24833017520563772
2022-12-28 00:00:00+00:00,MRK,gbm_quantile,sentiment,50,difference,111.08000183105467,112.05325805811144,-0.9732562270567655,0.9732562270567655
2022-12-29 00:00:00+00:00,MRK,gbm_quantile,sentiment,50,difference,110.81999969482422,110.85580660019201,-0.0358069053677923,0.0358069053677923
2022-12-30 00:00:00+00:00,MRK,gbm_quantile,sentiment,50,difference,110.9499969482422,110.69105975782014,0.25893719042205987,0.25893719042205987
2023-01-03 00:00:00+00:00,MRK,gbm_quantile,sentiment,50,difference,111.13999938964844,110.82910683086216,0.31089255878627853,0.31089255878627853
2023-01-04 00:00:00+00:00,MRK,gbm_quantile,sentiment,50,difference,112.08000183105467,110.94497454225423,1.135027288800444,1.135027288800444
2023-01-05 00:00:00+00:00,MRK,gbm_quantile,sentiment,50,difference,113.63999938964844,111.90735299403882,1.7326463956096205,1.7326463956096205
2023-01-06 00:00:00+00:00,MRK,gbm_quantile,sentiment,50,difference,114.83999633789062,113.5157084874116,1.324287850479024,1.324287850479024
2023-01-09 00:00:00+00:00,MRK,gbm_quantile,sentiment,50,difference,110.37999725341795,114.75336090556097,-4.373363652143013,4.373363652143013
2023-01-10 00:00:00+00:00,MRK,gbm_quantile,sentiment,50,difference,110.80999755859376,110.43365309106922,0.37634446752454664,0.37634446752454664
2023-01-11 00:00:00+00:00,MRK,gbm_quantile,sentiment,50,difference,111.06999969482422,110.84294708748111,0.2270526073431114,0.2270526073431114
2023-01-12 00:00:00+00:00,MRK,gbm_quantile,sentiment,50,difference,111.7699966430664,110.9954973263757,0.7744993166907079,0.7744993166907079
2023-01-13 00:00:00+00:00,MRK,gbm_quantile,sentiment,50,difference,112.25,111.81527257051768,0.43472742948232224,0.43472742948232224
2023-01-17 00:00:00+00:00,MRK,gbm_quantile,sentiment,50,difference,110.4499969482422,112.04992188093013,-1.5999249326879266,1.5999249326879266
2023-01-18 00:00:00+00:00,MRK,gbm_quantile,sentiment,50,difference,108.79000091552734,110.22229426166281,-1.4322933461354665,1.4322933461354665
2023-01-19 00:00:00+00:00,MRK,gbm_quantile,sentiment,50,difference,109.9000015258789,108.4845648471788,1.4154366787001038,1.4154366787001038
2023-01-20 00:00:00+00:00,MRK,gbm_quantile,sentiment,50,difference,109.94000244140624,109.7507796332833,0.1892228081229348,0.1892228081229348
2023-01-23 00:00:00+00:00,MRK,gbm_quantile,sentiment,50,difference,109.87999725341795,109.75698330668733,0.12301394673062305,0.12301394673062305
2023-01-24 00:00:00+00:00,MRK,gbm_quantile,sentiment,50,difference,108.5199966430664,109.62539620880952,-1.105399565743113,1.105399565743113
2023-01-25 00:00:00+00:00,MRK,gbm_quantile,sentiment,50,difference,108.58999633789062,108.29482036563013,0.29517597226049475,0.29517597226049475
2023-01-26 00:00:00+00:00,MRK,gbm_quantile,sentiment,50,difference,106.87000274658205,108.2803664094015,-1.4103636628194494,1.4103636628194494
2023-01-27 00:00:00+00:00,MRK,gbm_quantile,sentiment,50,difference,105.37999725341795,106.61752136249508,-1.2375241090771283,1.2375241090771283
2023-01-30 00:00:00+00:00,MRK,gbm_quantile,sentiment,50,difference,106.08999633789062,104.9298609055055,1.1601354323851183,1.1601354323851183
2023-01-31 00:00:00+00:00,MRK,gbm_quantile,sentiment,50,difference,107.41000366210938,105.84070243164011,1.5693012304692644,1.5693012304692644
2023-02-01 00:00:00+00:00,MRK,gbm_quantile,sentiment,50,difference,106.9800033569336,107.16567449343754,-0.18567113650394163,0.18567113650394163
2023-02-02 00:00:00+00:00,MRK,gbm_quantile,sentiment,50,difference,103.45999908447266,106.67974301250264,-3.2197439280299847,3.2197439280299847
2023-02-03 00:00:00+00:00,MRK,gbm_quantile,sentiment,50,difference,102.94000244140624,103.4445369380412,-0.5045344966349603,0.5045344966349603
2023-02-06 00:00:00+00:00,MRK,gbm_quantile,sentiment,50,difference,104.02999877929688,102.79510480171365,1.2348939775832264,1.2348939775832264
2023-02-07 00:00:00+00:00,MRK,gbm_quantile,sentiment,50,difference,105.68000030517578,103.69649787484758,1.9835024303282012,1.9835024303282012
2023-02-08 00:00:00+00:00,MRK,gbm_quantile,sentiment,50,difference,106.63999938964844,105.41380096171136,1.226198427937078,1.226198427937078
2023-02-09 00:00:00+00:00,MRK,gbm_quantile,sentiment,50,difference,106.72000122070312,106.42917000045048,0.29083122025264174,0.29083122025264174
2023-02-10 00:00:00+00:00,MRK,gbm_quantile,sentiment,50,difference,108.56999969482422,106.58368164070784,1.9863180541163814,1.9863180541163814
2023-02-13 00:00:00+00:00,MRK,gbm_quantile,sentiment,50,difference,109.5500030517578,108.52635955342815,1.0236434983296476,1.0236434983296476
2023-02-14 00:00:00+00:00,MRK,gbm_quantile,sentiment,50,difference,108.73999786376952,109.43898095400128,-0.6989830902317635,0.6989830902317635
2023-02-15 00:00:00+00:00,MRK,gbm_quantile,sentiment,50,difference,107.68000030517578,108.37730642930288,-0.6973061241270955,0.6973061241270955
2023-02-16 00:00:00+00:00,MRK,gbm_quantile,sentiment,50,difference,106.51000213623048,107.37014902715441,-0.8601468909239287,0.8601468909239287
2023-02-17 00:00:00+00:00,MRK,gbm_quantile,sentiment,50,difference,109.5199966430664,106.34230426324781,3.1776923798185948,3.1776923798185948
2023-02-21 00:00:00+00:00,MRK,gbm_quantile,sentiment,50,difference,109.06999969482422,109.37513618351073,-0.30513648868651444,0.30513648868651444
2023-02-22 00:00:00+00:00,MRK,gbm_quantile,sentiment,50,difference,109.16000366210938,108.91046634669672,0.24953731541265256,0.24953731541265256
2023-02-23 00:00:00+00:00,MRK,gbm_quantile,sentiment,50,difference,110.58999633789062,108.82048606554112,1.7695102723495069,1.7695102723495069
2023-02-24 00:00:00+00:00,MRK,gbm_quantile,sentiment,50,difference,109.88999938964844,110.32483119252927,-0.43483180288083645,0.43483180288083645
2023-02-27 00:00:00+00:00,MRK,gbm_quantile,sentiment,50,difference,109.36000061035156,109.69621831399976,-0.33621770364820236,0.33621770364820236
2023-02-28 00:00:00+00:00,MRK,gbm_quantile,sentiment,50,difference,106.23999786376952,109.21568925502525,-2.9756913912557366,2.9756913912557366
2023-03-01 00:00:00+00:00,MRK,gbm_quantile,sentiment,50,difference,106.6500015258789,106.15225965315634,0.4977418727225711,0.4977418727225711
2023-03-02 00:00:00+00:00,MRK,gbm_quantile,sentiment,50,difference,107.01000213623048,106.54390611197299,0.46609602425749586,0.46609602425749586
2023-03-03 00:00:00+00:00,MRK,gbm_quantile,sentiment,50,difference,106.87999725341795,106.80533064892029,0.07466660449766493,0.07466660449766493
2023-03-06 00:00:00+00:00,MRK,gbm_quantile,sentiment,50,difference,111.0999984741211,106.84648632403855,4.253512150082543,4.253512150082543
2023-03-07 00:00:00+00:00,MRK,gbm_quantile,sentiment,50,difference,111.2699966430664,110.89894397529723,0.37105266776917745,0.37105266776917745
2023-03-08 00:00:00+00:00,MRK,gbm_quantile,sentiment,50,difference,108.27999877929688,111.14959274858955,-2.86959396929268,2.86959396929268
2023-03-09 00:00:00+00:00,MRK,gbm_quantile,sentiment,50,difference,107.5999984741211,108.12132782875835,-0.5213293546372597,0.5213293546372597
2023-03-10 00:00:00+00:00,MRK,gbm_quantile,sentiment,50,difference,107.69000244140624,107.47721795839033,0.21278448301590913,0.21278448301590913
2023-03-13 00:00:00+00:00,MRK,gbm_quantile,sentiment,50,difference,105.7300033569336,107.42964952210214,-1.699646165168545,1.699646165168545
2023-03-14 00:00:00+00:00,MRK,gbm_quantile,sentiment,50,difference,106.97000122070312,105.37457057674133,1.595430643961791,1.595430643961791
2023-03-15 00:00:00+00:00,MRK,gbm_quantile,sentiment,50,difference,107.62999725341795,106.63278812983266,0.9972091235852929,0.9972091235852929
2023-03-16 00:00:00+00:00,MRK,gbm_quantile,sentiment,50,difference,107.33999633789062,107.4101687658623,-0.07017242797167,0.07017242797167
2023-03-17 00:00:00+00:00,MRK,gbm_quantile,sentiment,50,difference,104.0999984741211,107.17094431777966,-3.0709458436585635,3.0709458436585635
2023-03-20 00:00:00+00:00,MRK,gbm_quantile,sentiment,50,difference,105.8499984741211,103.7546605621283,2.0953379119928,2.0953379119928
2023-03-21 00:00:00+00:00,MRK,gbm_quantile,sentiment,50,difference,105.54000091552734,105.61156625397825,-0.07156533845090962,0.07156533845090962
2023-03-22 00:00:00+00:00,MRK,gbm_quantile,sentiment,50,difference,104.4000015258789,105.29329548075289,-0.8932939548739824,0.8932939548739824
2023-03-23 00:00:00+00:00,MRK,gbm_quantile,sentiment,50,difference,104.2300033569336,104.07053646386703,0.1594668930665648,0.1594668930665648
2023-03-24 00:00:00+00:00,MRK,gbm_quantile,sentiment,50,difference,104.8000030517578,104.0358367065738,0.7641663451839946,0.7641663451839946
2023-03-27 00:00:00+00:00,MRK,gbm_quantile,sentiment,50,difference,106.93000030517578,104.55907358098254,2.3709267241932395,2.3709267241932395
2023-03-28 00:00:00+00:00,MRK,gbm_quantile,sentiment,50,difference,105.52999877929688,106.59897158281052,-1.0689728035136454,1.0689728035136454
2023-03-29 00:00:00+00:00,MRK,gbm_quantile,sentiment,50,difference,104.91999816894533,105.24646056642527,-0.32646239747994343,0.32646239747994343
2023-03-30 00:00:00+00:00,MRK,gbm_quantile,sentiment,50,difference,105.91999816894533,104.68562351653608,1.2343746524092438,1.2343746524092438
2023-03-31 00:00:00+00:00,MRK,gbm_quantile,sentiment,50,difference,106.38999938964844,105.74747843997494,0.6425209496734965,0.6425209496734965
2023-04-03 00:00:00+00:00,MRK,gbm_quantile,sentiment,50,difference,108.87000274658205,106.0927465778775,2.7772561687045396,2.7772561687045396
2023-04-04 00:00:00+00:00,MRK,gbm_quantile,sentiment,50,difference,108.83000183105467,108.70237071510763,0.12763111594703958,0.12763111594703958
2023-04-05 00:00:00+00:00,MRK,gbm_quantile,sentiment,50,difference,111.91000366210938,108.70636983670059,3.2036338254087866,3.2036338254087866
2023-04-06 00:00:00+00:00,MRK,gbm_quantile,sentiment,50,difference,112.33000183105467,111.76078802094794,0.5692138101067314,0.5692138101067314
2023-04-10 00:00:00+00:00,MRK,gbm_quantile,sentiment,50,difference,112.61000061035156,112.13344167126056,0.47655893909100655,0.47655893909100655
2023-04-11 00:00:00+00:00,MRK,gbm_quantile,sentiment,50,difference,112.48999786376952,112.44446703226227,0.045530831507250014,0.045530831507250014
2023-04-12 00:00:00+00:00,MRK,gbm_quantile,sentiment,50,difference,113.75,112.38675661920533,1.3632433807946711,1.3632433807946711
2023-04-13 00:00:00+00:00,MRK,gbm_quantile,sentiment,50,difference,115.58000183105467,113.75985174330333,1.820150087751344,1.820150087751344
2023-04-14 00:00:00+00:00,MRK,gbm_quantile,sentiment,50,difference,115.30999755859376,115.57083822563753,-0.26084066704376596,0.26084066704376596
2023-04-17 00:00:00+00:00,MRK,gbm_quantile,sentiment,50,difference,115.01000213623048,115.32219496247929,-0.31219282624880407,0.31219282624880407
2023-04-18 00:00:00+00:00,MRK,gbm_quantile,sentiment,50,difference,114.83000183105467,114.98174843913836,-0.151746608083684,0.151746608083684
2023-04-19 00:00:00+00:00,MRK,gbm_quantile,sentiment,50,difference,114.12999725341795,114.52653108370781,-0.39653383028985445,0.39653383028985445
2023-04-20 00:00:00+00:00,MRK,gbm_quantile,sentiment,50,difference,114.16999816894533,113.97042338639463,0.19957478255069816,0.19957478255069816
2023-04-21 00:00:00+00:00,MRK,gbm_quantile,sentiment,50,difference,115.37000274658205,114.02490176562914,1.3451009809529069,1.3451009809529069
2023-04-24 00:00:00+00:00,MRK,gbm_quantile,sentiment,50,difference,115.94000244140624,115.40771556674578,0.532286874660457,0.532286874660457
2023-04-25 00:00:00+00:00,MRK,gbm_quantile,sentiment,50,difference,116.52999877929688,115.87148640789528,0.6585123714015992,0.6585123714015992
2023-04-26 00:00:00+00:00,MRK,gbm_quantile,sentiment,50,difference,113.43000030517578,116.58559278047315,-3.155592475297368,3.155592475297368
2023-04-27 00:00:00+00:00,MRK,gbm_quantile,sentiment,50,difference,115.16000366210938,113.27916210601119,1.88084155609819,1.88084155609819
2023-04-28 00:00:00+00:00,MRK,gbm_quantile,sentiment,50,difference,115.47000122070312,114.82593233566843,0.6440688850346987,0.6440688850346987
2023-05-01 00:00:00+00:00,MRK,gbm_quantile,sentiment,50,difference,116.33999633789062,115.04993103070935,1.2900653071812798,1.2900653071812798
2023-05-02 00:00:00+00:00,MRK,gbm_quantile,sentiment,50,difference,117.88999938964844,116.02581957108525,1.864179818563187,1.864179818563187
2023-05-03 00:00:00+00:00,MRK,gbm_quantile,sentiment,50,difference,118.22000122070312,117.8435717066699,0.37642951403321945,0.37642951403321945
2023-05-04 00:00:00+00:00,MRK,gbm_quantile,sentiment,50,difference,117.37000274658205,118.26196556164605,-0.8919628150640051,0.8919628150640051
2023-05-05 00:00:00+00:00,MRK,gbm_quantile,sentiment,50,difference,117.68000030517578,117.20637436764139,0.4736259375343934,0.4736259375343934
2023-05-08 00:00:00+00:00,MRK,gbm_quantile,sentiment,50,difference,118.37999725341795,117.4682906844518,0.911706568966153,0.911706568966153
2023-05-09 00:00:00+00:00,MRK,gbm_quantile,sentiment,50,difference,117.43000030517578,118.25179232071599,-0.8217920155402112,0.8217920155402112
2023-05-10 00:00:00+00:00,MRK,gbm_quantile,sentiment,50,difference,117.9000015258789,117.30757207453861,0.5924294513402941,0.5924294513402941
2023-05-11 00:00:00+00:00,MRK,gbm_quantile,sentiment,50,difference,117.5500030517578,117.64175831189813,-0.09175526014033153,0.09175526014033153
2023-05-12 00:00:00+00:00,MRK,gbm_quantile,sentiment,50,difference,117.13999938964844,117.22473064590945,-0.08473125626100853,0.08473125626100853
2023-05-15 00:00:00+00:00,MRK,gbm_quantile,sentiment,50,difference,116.37000274658205,116.84806148535155,-0.478058738769505,0.478058738769505
2023-05-16 00:00:00+00:00,MRK,gbm_quantile,sentiment,50,difference,116.08000183105467,116.25086969147348,-0.17086786041880941,0.17086786041880941
2023-05-17 00:00:00+00:00,MRK,gbm_quantile,sentiment,50,difference,114.76000213623048,116.00369728789981,-1.2436951516693284,1.2436951516693284
2023-05-18 00:00:00+00:00,MRK,gbm_quantile,sentiment,50,difference,114.0,114.77774431750362,-0.7777443175036183,0.7777443175036183
2023-05-19 00:00:00+00:00,MRK,gbm_quantile,sentiment,50,difference,115.48999786376952,113.9440813189472,1.5459165448223189,1.5459165448223189
2023-05-22 00:00:00+00:00,MRK,gbm_quantile,sentiment,50,difference,114.48999786376952,115.26620935301305,-0.7762114892435363,0.7762114892435363
2023-05-23 00:00:00+00:00,MRK,gbm_quantile,sentiment,50,difference,113.2699966430664,114.3649839133569,-1.0949872702904884,1.0949872702904884
2023-05-24 00:00:00+00:00,MRK,gbm_quantile,sentiment,50,difference,113.5999984741211,113.03596098621817,0.5640374879029224,0.5640374879029224
2023-05-25 00:00:00+00:00,MRK,gbm_quantile,sentiment,50,difference,112.3000030517578,113.2254743103381,-0.925471258580302,0.925471258580302
2023-05-26 00:00:00+00:00,MRK,gbm_quantile,sentiment,50,difference,111.06999969482422,112.06602202599453,-0.9960223311703089,0.9960223311703089
2023-05-30 00:00:00+00:00,MRK,gbm_quantile,sentiment,50,difference,109.16999816894533,110.89780823932328,-1.7278100703779558,1.7278100703779558
2023-05-31 00:00:00+00:00,MRK,gbm_quantile,sentiment,50,difference,110.41000366210938,109.13691659262282,1.2730870694865501,1.2730870694865501
2023-06-01 00:00:00+00:00,MRK,gbm_quantile,sentiment,50,difference,110.93000030517578,110.26990761093064,0.6600926942451366,0.6600926942451366
2023-06-02 00:00:00+00:00,MRK,gbm_quantile,sentiment,50,difference,112.5199966430664,110.60575239460637,1.9142442484600366,1.9142442484600366
2023-06-05 00:00:00+00:00,MRK,gbm_quantile,sentiment,50,difference,113.11000061035156,112.24908427067464,0.860916339676919,0.860916339676919
2023-06-06 00:00:00+00:00,MRK,gbm_quantile,sentiment,50,difference,110.01000213623048,112.86363044135989,-2.853628305129405,2.853628305129405
2023-06-07 00:00:00+00:00,MRK,gbm_quantile,sentiment,50,difference,108.61000061035156,109.94519140080187,-1.3351907904503122,1.3351907904503122
2023-06-08 00:00:00+00:00,MRK,gbm_quantile,sentiment,50,difference,110.31999969482422,108.48372785111538,1.8362718437088432,1.8362718437088432
2023-06-09 00:00:00+00:00,MRK,gbm_quantile,sentiment,50,difference,110.70999908447266,110.10007605540396,0.6099230290686961,0.6099230290686961
2023-06-12 00:00:00+00:00,MRK,gbm_quantile,sentiment,50,difference,109.86000061035156,110.27129991558022,-0.41129930522865266,0.41129930522865266
2023-06-13 00:00:00+00:00,MRK,gbm_quantile,sentiment,50,difference,109.98999786376952,109.47962276735005,0.510375096419466,0.510375096419466
2023-06-14 00:00:00+00:00,MRK,gbm_quantile,sentiment,50,difference,108.66000366210938,109.7294666986764,-1.0694630365670292,1.0694630365670292
2023-06-15 00:00:00+00:00,MRK,gbm_quantile,sentiment,50,difference,109.4000015258789,108.27189821864124,1.1281033072376658,1.1281033072376658
2023-06-16 00:00:00+00:00,MRK,gbm_quantile,sentiment,50,difference,109.31999969482422,109.20479786771327,0.11520182711095117,0.11520182711095117
2023-06-20 00:00:00+00:00,MRK,gbm_quantile,sentiment,50,difference,110.2300033569336,108.99390664416609,1.2360967127675053,1.2360967127675053
2023-06-21 00:00:00+00:00,MRK,gbm_quantile,sentiment,50,difference,111.16000366210938,110.04482672380773,1.1151769383016443,1.1151769383016443
2023-06-22 00:00:00+00:00,MRK,gbm_quantile,sentiment,50,difference,113.72000122070312,110.93476388009974,2.7852373406033877,2.7852373406033877
2023-06-23 00:00:00+00:00,MRK,gbm_quantile,sentiment,50,difference,114.5999984741211,113.34540377519707,1.2545946989240235,1.2545946989240235
2023-06-26 00:00:00+00:00,MRK,gbm_quantile,sentiment,50,difference,113.08000183105467,114.51233820390406,-1.4323363728493916,1.4323363728493916
2023-06-27 00:00:00+00:00,MRK,gbm_quantile,sentiment,50,difference,113.31999969482422,112.99723851448879,0.32276118033543355,0.32276118033543355
2023-06-28 00:00:00+00:00,MRK,gbm_quantile,sentiment,50,difference,112.44000244140624,113.16878784950883,-0.7287854081025955,0.7287854081025955
2023-06-29 00:00:00+00:00,MRK,gbm_quantile,sentiment,50,difference,113.54000091552734,112.18243801823718,1.3575628972901654,1.3575628972901654
2023-06-30 00:00:00+00:00,MRK,gbm_quantile,sentiment,50,difference,115.38999938964844,113.17706616793896,2.212933221709477,2.212933221709477
2023-07-03 00:00:00+00:00,MRK,gbm_quantile,sentiment,50,difference,114.33000183105467,115.18401259966936,-0.8540107686146854,0.8540107686146854
2023-07-05 00:00:00+00:00,MRK,gbm_quantile,sentiment,50,difference,113.6999969482422,114.1448432455658,-0.4448462973235934,0.4448462973235934
2023-07-06 00:00:00+00:00,MRK,gbm_quantile,sentiment,50,difference,111.75,113.44451136089211,-1.6945113608921076,1.6945113608921076
2023-07-07 00:00:00+00:00,MRK,gbm_quantile,sentiment,50,difference,109.0,111.38007875248468,-2.3800787524846783,2.3800787524846783
2023-07-10 00:00:00+00:00,MRK,gbm_quantile,sentiment,50,difference,109.95999908447266,108.79705763920009,1.1629414452725655,1.1629414452725655
2023-07-11 00:00:00+00:00,MRK,gbm_quantile,sentiment,50,difference,108.6999969482422,109.79331287043648,-1.0933159221942788,1.0933159221942788
2023-07-12 00:00:00+00:00,MRK,gbm_quantile,sentiment,50,difference,107.47000122070312,108.42073934247341,-0.9507381217702857,0.9507381217702857
2023-07-13 00:00:00+00:00,MRK,gbm_quantile,sentiment,50,difference,106.31999969482422,106.99853306636632,-0.6785333715421018,0.6785333715421018
2023-07-14 00:00:00+00:00,MRK,gbm_quantile,sentiment,50,difference,107.33999633789062,106.25856241518908,1.0814339227015495,1.0814339227015495
2023-07-17 00:00:00+00:00,MRK,gbm_quantile,sentiment,50,difference,105.56999969482422,107.1571888318931,-1.5871891370688758,1.5871891370688758
2023-07-18 00:00:00+00:00,MRK,gbm_quantile,sentiment,50,difference,105.9499969482422,105.56802823056256,0.3819687176796407,0.3819687176796407
2023-07-19 00:00:00+00:00,MRK,gbm_quantile,sentiment,50,difference,105.9499969482422,105.6041820617245,0.34581488651770087,0.34581488651770087
2023-07-20 00:00:00+00:00,MRK,gbm_quantile,sentiment,50,difference,108.45999908447266,105.80777217164253,2.6522269128301303,2.6522269128301303
2023-07-21 00:00:00+00:00,MRK,gbm_quantile,sentiment,50,difference,110.38999938964844,108.07975524591016,2.3102441437382737,2.3102441437382737
2023-07-24 00:00:00+00:00,MRK,gbm_quantile,sentiment,50,difference,108.79000091552734,110.05292428612388,-1.262923370596539,1.262923370596539
2023-07-25 00:00:00+00:00,MRK,gbm_quantile,sentiment,50,difference,107.52999877929688,108.52149787468902,-0.9914990953921432,0.9914990953921432
2023-07-26 00:00:00+00:00,MRK,gbm_quantile,sentiment,50,difference,107.13999938964844,107.10336759309284,0.03663179655559645,0.03663179655559645
2023-07-27 00:00:00+00:00,MRK,gbm_quantile,sentiment,50,difference,105.2699966430664,106.80267583861136,-1.532679195544958,1.532679195544958
2023-07-28 00:00:00+00:00,MRK,gbm_quantile,sentiment,50,difference,106.33999633789062,104.87718128184092,1.4628150560497062,1.4628150560497062
2023-07-31 00:00:00+00:00,MRK,gbm_quantile,sentiment,50,difference,106.6500015258789,106.18281780543025,0.4671837204486593,0.4671837204486593
2023-08-01 00:00:00+00:00,MRK,gbm_quantile,sentiment,50,difference,105.27999877929688,106.30567378375783,-1.0256750044609504,1.0256750044609504
2023-08-02 00:00:00+00:00,MRK,gbm_quantile,sentiment,50,difference,105.6999969482422,105.19401556621584,0.5059813820263628,0.5059813820263628
2023-08-03 00:00:00+00:00,MRK,gbm_quantile,sentiment,50,difference,105.7300033569336,105.23554017347402,0.4944631834595725,0.4944631834595725
2023-08-04 00:00:00+00:00,MRK,gbm_quantile,sentiment,50,difference,105.0,105.53745099796089,-0.5374509979608888,0.5374509979608888
2023-08-07 00:00:00+00:00,MRK,gbm_quantile,sentiment,50,difference,106.08999633789062,104.67489715784828,1.415099180042347,1.415099180042347
2023-08-08 00:00:00+00:00,MRK,gbm_quantile,sentiment,50,difference,106.41000366210938,105.92780524308236,0.4821984190270143,0.4821984190270143
2023-08-09 00:00:00+00:00,MRK,gbm_quantile,sentiment,50,difference,106.0999984741211,106.18688299505155,-0.08688452093045385,0.08688452093045385
2023-08-10 00:00:00+00:00,MRK,gbm_quantile,sentiment,50,difference,105.56999969482422,105.93805231576496,-0.36805262094074465,0.36805262094074465
2023-08-11 00:00:00+00:00,MRK,gbm_quantile,sentiment,50,difference,107.44000244140624,105.35643571831379,2.0835667230924457,2.0835667230924457
2023-08-14 00:00:00+00:00,MRK,gbm_quantile,sentiment,50,difference,108.91000366210938,107.20222779929796,1.7077758628114168,1.7077758628114168
2023-08-15 00:00:00+00:00,MRK,gbm_quantile,sentiment,50,difference,108.66000366210938,108.59953856967803,0.06046509243134324,0.06046509243134324
2023-08-16 00:00:00+00:00,MRK,gbm_quantile,sentiment,50,difference,108.7300033569336,108.27248429059125,0.45751906634234274,0.45751906634234274
2023-08-17 00:00:00+00:00,MRK,gbm_quantile,sentiment,50,difference,108.91999816894533,108.6709966401721,0.24900152877322057,0.24900152877322057
2023-08-18 00:00:00+00:00,MRK,gbm_quantile,sentiment,50,difference,109.1999969482422,108.69728625204036,0.502710696201845,0.502710696201845
2023-08-21 00:00:00+00:00,MRK,gbm_quantile,sentiment,50,difference,109.63999938964844,109.10892351398866,0.5310758756597806,0.5310758756597806
2023-08-22 00:00:00+00:00,MRK,gbm_quantile,sentiment,50,difference,107.2300033569336,109.49535655105652,-2.2653531941229232,2.2653531941229232
2023-08-23 00:00:00+00:00,MRK,gbm_quantile,sentiment,50,difference,111.3000030517578,107.07531180137518,4.2246912503826195,4.2246912503826195
2023-08-24 00:00:00+00:00,MRK,gbm_quantile,sentiment,50,difference,109.4499969482422,111.1183678625855,-1.6683709143432992,1.6683709143432992
2023-08-25 00:00:00+00:00,MRK,gbm_quantile,sentiment,50,difference,110.20999908447266,109.2623311993919,0.9476678850807616,0.9476678850807616
2023-08-28 00:00:00+00:00,MRK,gbm_quantile,sentiment,50,difference,108.93000030517578,110.07851612334449,-1.148515818168704,1.148515818168704
2023-08-29 00:00:00+00:00,MRK,gbm_quantile,sentiment,50,difference,109.98999786376952,108.72315622914321,1.266841634626303,1.266841634626303
2023-08-30 00:00:00+00:00,MRK,gbm_quantile,sentiment,50,difference,110.20999908447266,110.04950191030326,0.16049717416939302,0.16049717416939302
2023-08-31 00:00:00+00:00,MRK,gbm_quantile,sentiment,50,difference,108.9800033569336,109.98065632397326,-1.0006529670396702,1.0006529670396702
2023-09-01 00:00:00+00:00,MRK,gbm_quantile,sentiment,50,difference,109.83999633789062,108.65677914595767,1.183217191932954,1.183217191932954
2023-09-05 00:00:00+00:00,MRK,gbm_quantile,sentiment,50,difference,107.51000213623048,109.73155079813824,-2.221548661907761,2.221548661907761
2023-09-06 00:00:00+00:00,MRK,gbm_quantile,sentiment,50,difference,106.48999786376952,107.48660692330783,-0.996609059538315,0.996609059538315
2023-09-07 00:00:00+00:00,MRK,gbm_quantile,sentiment,50,difference,107.94000244140624,106.31625464090504,1.6237478005011923,1.6237478005011923
2023-09-08 00:00:00+00:00,MRK,gbm_quantile,sentiment,50,difference,109.0500030517578,107.6014115104287,1.448591541329094,1.448591541329094
2023-09-11 00:00:00+00:00,MRK,gbm_quantile,sentiment,50,difference,108.5999984741211,109.0142013131913,-0.4142028390701995,0.4142028390701995
2023-09-12 00:00:00+00:00,MRK,gbm_quantile,sentiment,50,difference,109.0199966430664,108.60903268396093,0.410963959105473,0.410963959105473
2023-09-13 00:00:00+00:00,MRK,gbm_quantile,sentiment,50,difference,107.80999755859376,108.78161344729389,-0.9716158887001285,0.9716158887001285
2023-09-14 00:00:00+00:00,MRK,gbm_quantile,sentiment,50,difference,108.23999786376952,107.83207684148252,0.4079210222869989,0.4079210222869989
2023-09-15 00:00:00+00:00,MRK,gbm_quantile,sentiment,50,difference,107.5199966430664,108.05850104601193,-0.5385044029455202,0.5385044029455202
2023-09-18 00:00:00+00:00,MRK,gbm_quantile,sentiment,50,difference,107.81999969482422,107.23961088712586,0.5803888076983554,0.5803888076983554
2023-09-19 00:00:00+00:00,MRK,gbm_quantile,sentiment,50,difference,107.36000061035156,107.50489849313351,-0.14489788278194737,0.14489788278194737
2023-09-20 00:00:00+00:00,MRK,gbm_quantile,sentiment,50,difference,107.30999755859376,107.46452659048538,-0.15452903189161304,0.15452903189161304
2023-09-21 00:00:00+00:00,MRK,gbm_quantile,sentiment,50,difference,106.7300033569336,107.1096808176322,-0.379677460698602,0.379677460698602
2023-09-22 00:00:00+00:00,MRK,gbm_quantile,sentiment,50,difference,106.33999633789062,106.78412915310386,-0.4441328152132371,0.4441328152132371
2023-09-25 00:00:00+00:00,MRK,gbm_quantile,sentiment,50,difference,105.83999633789062,106.00602952839334,-0.16603319050271637,0.16603319050271637
2023-09-26 00:00:00+00:00,MRK,gbm_quantile,sentiment,50,difference,105.38999938964844,105.81250698763397,-0.42250759798552906,0.42250759798552906
2023-09-27 00:00:00+00:00,MRK,gbm_quantile,sentiment,50,difference,103.94000244140624,105.28407191393919,-1.3440694725329507,1.3440694725329507
2023-09-28 00:00:00+00:00,MRK,gbm_quantile,sentiment,50,difference,104.3000030517578,103.80619164432315,0.4938114074346487,0.4938114074346487
2023-09-29 00:00:00+00:00,MRK,gbm_quantile,sentiment,50,difference,102.9499969482422,104.1455020676123,-1.1955051193700967,1.1955051193700967
2023-10-02 00:00:00+00:00,MRK,gbm_quantile,sentiment,50,difference,102.5500030517578,102.9517854107943,-0.4017823590365026,0.4017823590365026
2023-10-03 00:00:00+00:00,MRK,gbm_quantile,sentiment,50,difference,101.7699966430664,102.26330430592323,-0.4933076628568216,0.4933076628568216
2023-10-04 00:00:00+00:00,MRK,gbm_quantile,sentiment,50,difference,102.16999816894533,101.59582826448235,0.5741699044629769,0.5741699044629769
2023-10-05 00:00:00+00:00,MRK,gbm_quantile,sentiment,50,difference,103.5999984741211,102.02536670477957,1.5746317693415222,1.5746317693415222
2023-10-06 00:00:00+00:00,MRK,gbm_quantile,sentiment,50,difference,103.87999725341795,103.37195682813888,0.5080404252790771,0.5080404252790771
2023-10-09 00:00:00+00:00,MRK,gbm_quantile,sentiment,50,difference,104.5,103.83169830261404,0.6683016973859566,0.6683016973859566
2023-10-10 00:00:00+00:00,MRK,gbm_quantile,sentiment,50,difference,103.61000061035156,104.24408033484951,-0.6340797244979512,0.6340797244979512
2023-10-11 00:00:00+00:00,MRK,gbm_quantile,sentiment,50,difference,103.45999908447266,103.34368737224904,0.11631171222362013,0.11631171222362013
2023-10-12 00:00:00+00:00,MRK,gbm_quantile,sentiment,50,difference,103.58999633789062,103.21963798549825,0.3703583523923726,0.3703583523923726
2023-10-13 00:00:00+00:00,MRK,gbm_quantile,sentiment,50,difference,104.01000213623048,103.27278830656373,0.7372138296667572,0.7372138296667572
2023-10-16 00:00:00+00:00,MRK,gbm_quantile,sentiment,50,difference,104.13999938964844,103.86394585027917,0.276053539369272,0.276053539369272
2023-10-17 00:00:00+00:00,MRK,gbm_quantile,sentiment,50,difference,104.16999816894533,104.00993912906294,0.160059039882384,0.160059039882384
2023-10-18 00:00:00+00:00,MRK,gbm_quantile,sentiment,50,difference,101.98999786376952,103.9805067438637,-1.9905088800941826,1.9905088800941826
2023-10-19 00:00:00+00:00,MRK,gbm_quantile,sentiment,50,difference,100.43000030517578,101.6237353664638,-1.1937350612880238,1.1937350612880238
2023-10-20 00:00:00+00:00,MRK,gbm_quantile,sentiment,50,difference,102.66999816894533,100.38666244427162,2.283335724673705,2.283335724673705
2023-10-23 00:00:00+00:00,MRK,gbm_quantile,sentiment,50,difference,103.3499984741211,102.3188403417406,1.0311581323804972,1.0311581323804972
2023-10-24 00:00:00+00:00,MRK,gbm_quantile,sentiment,50,difference,103.02999877929688,103.13936814178868,-0.10936936249180462,0.10936936249180462
2023-10-25 00:00:00+00:00,MRK,gbm_quantile,sentiment,50,difference,103.62999725341795,102.73016201393644,0.8998352394815186,0.8998352394815186
2023-10-26 00:00:00+00:00,MRK,gbm_quantile,sentiment,50,difference,105.5500030517578,103.42730480369283,2.122698248064964,2.122698248064964
2023-10-27 00:00:00+00:00,MRK,gbm_quantile,sentiment,50,difference,102.81999969482422,105.25646017205726,-2.436460477233041,2.436460477233041
2023-10-30 00:00:00+00:00,MRK,gbm_quantile,sentiment,50,difference,102.68000030517578,102.57261165135978,0.10738865381600249,0.10738865381600249
2023-10-31 00:00:00+00:00,MRK,gbm_quantile,sentiment,50,difference,102.6999969482422,102.48336408043104,0.21663286781115687,0.21663286781115687
2023-11-01 00:00:00+00:00,MRK,gbm_quantile,sentiment,50,difference,102.8499984741211,102.52127409759888,0.3287243765222172,0.3287243765222172
2023-11-02 00:00:00+00:00,MRK,gbm_quantile,sentiment,50,difference,102.8499984741211,102.70575333897608,0.14424513514501314,0.14424513514501314
2023-11-03 00:00:00+00:00,MRK,gbm_quantile,sentiment,50,difference,103.37999725341795,102.60237397785825,0.777623275559705,0.777623275559705
2023-11-06 00:00:00+00:00,MRK,gbm_quantile,sentiment,50,difference,104.33999633789062,103.2057726072708,1.1342237306198228,1.1342237306198228
2023-11-07 00:00:00+00:00,MRK,gbm_quantile,sentiment,50,difference,104.0,103.99267993325289,0.007320066747112719,0.007320066747112719
2023-11-08 00:00:00+00:00,MRK,gbm_quantile,sentiment,50,difference,104.4000015258789,103.77691527762403,0.6230862482548787,0.6230862482548787
2023-11-09 00:00:00+00:00,MRK,gbm_quantile,sentiment,50,difference,102.37999725341795,103.97227008535869,-1.5922728319407327,1.5922728319407327
2023-11-10 00:00:00+00:00,MRK,gbm_quantile,sentiment,50,difference,101.38999938964844,102.14629759640704,-0.7562982067586006,0.7562982067586006
2023-11-13 00:00:00+00:00,MRK,gbm_quantile,sentiment,50,difference,102.47000122070312,101.11701846057619,1.3529827601269346,1.3529827601269346
2023-11-14 00:00:00+00:00,MRK,gbm_quantile,sentiment,50,difference,102.16999816894533,102.26035372474817,-0.09035555580284438,0.09035555580284438
2023-11-15 00:00:00+00:00,MRK,gbm_quantile,sentiment,50,difference,101.3499984741211,102.08168461256275,-0.7316861384416598,0.7316861384416598
2023-11-16 00:00:00+00:00,MRK,gbm_quantile,sentiment,50,difference,101.98999786376952,101.2907548984264,0.6992429653431174,0.6992429653431174
2023-11-17 00:00:00+00:00,MRK,gbm_quantile,sentiment,50,difference,101.75,101.78384963828636,-0.033849638286355344,0.033849638286355344
2023-11-20 00:00:00+00:00,MRK,gbm_quantile,sentiment,50,difference,102.68000030517578,101.43305181579417,1.2469484893816087,1.2469484893816087
2023-11-21 00:00:00+00:00,MRK,gbm_quantile,sentiment,50,difference,102.20999908447266,102.46212387473612,-0.25212479026346557,0.25212479026346557
2023-11-22 00:00:00+00:00,MRK,gbm_quantile,sentiment,50,difference,101.68000030517578,102.07615471881182,-0.3961544136360402,0.3961544136360402
2023-11-24 00:00:00+00:00,MRK,gbm_quantile,sentiment,50,difference,101.87000274658205,101.61574864122922,0.2542541053528282,0.2542541053528282
2023-11-27 00:00:00+00:00,MRK,gbm_quantile,sentiment,50,difference,101.43000030517578,101.89244020673387,-0.4624399015580849,0.4624399015580849
2023-11-28 00:00:00+00:00,MRK,gbm_quantile,sentiment,50,difference,100.18000030517578,101.32573988742362,-1.1457395822478418,1.1457395822478418
2023-11-29 00:00:00+00:00,MRK,gbm_quantile,sentiment,50,difference,101.12999725341795,99.83456771126595,1.2954295421520072,1.2954295421520072
2023-11-30 00:00:00+00:00,MRK,gbm_quantile,sentiment,50,difference,102.4800033569336,100.79868141829444,1.681321938639158,1.681321938639158
2023-12-01 00:00:00+00:00,MRK,gbm_quantile,sentiment,50,difference,103.45999908447266,102.39635974662544,1.0636393378472206,1.0636393378472206
2023-12-04 00:00:00+00:00,MRK,gbm_quantile,sentiment,50,difference,105.05999755859376,103.13393500855787,1.926062550035894,1.926062550035894
2023-12-05 00:00:00+00:00,MRK,gbm_quantile,sentiment,50,difference,106.2300033569336,104.90188300077081,1.3281203561627848,1.3281203561627848
2023-12-06 00:00:00+00:00,MRK,gbm_quantile,sentiment,50,difference,105.62999725341795,105.75343561978376,-0.12343836636580363,0.12343836636580363
2023-12-07 00:00:00+00:00,MRK,gbm_quantile,sentiment,50,difference,103.87999725341795,105.41033402889614,-1.5303367754781902,1.5303367754781902
2023-12-08 00:00:00+00:00,MRK,gbm_quantile,sentiment,50,difference,103.75,103.54527920195284,0.2047207980471626,0.2047207980471626
2023-12-11 00:00:00+00:00,MRK,gbm_quantile,sentiment,50,difference,104.37000274658205,103.52822387952787,0.8417788670541739,0.8417788670541739
2023-12-12 00:00:00+00:00,MRK,gbm_quantile,sentiment,50,difference,104.36000061035156,104.16642713922873,0.19357347112283207,0.19357347112283207
2023-12-13 00:00:00+00:00,MRK,gbm_quantile,sentiment,50,difference,107.11000061035156,103.96221567409837,3.1477849362531884,3.1477849362531884
2023-12-14 00:00:00+00:00,MRK,gbm_quantile,sentiment,50,difference,105.87999725341795,106.9207839928132,-1.0407867393952444,1.0407867393952444
2023-12-15 00:00:00+00:00,MRK,gbm_quantile,sentiment,50,difference,105.11000061035156,105.52574858117978,-0.415747970828221,0.415747970828221
