Model,Mode,Stock,Trial,Status,Lag_Count,Target_Transform,Estimator,Best_Params,Selection_Metric,Selection_Score,Val_MAE,Val_MSE,Val_RMSE,Val_R2,Val_PinballLoss,Val_Bias
lightgbm_quantile,nonsentiment,BRK-B,1,ok,50,difference,GradientBoostingRegressor,"{""learning_rate"": 0.05, ""max_depth"": 6, ""n_estimators"": 300, ""random_state"": 42}",PinballLoss,1.060437869201471,2.120875738402942,10.14142358335374,3.184560186800328,0.9586993452301009,1.060437869201471,-0.32721636731750897
lightgbm_quantile,nonsentiment,BRK-B,2,ok,20,log_return,GradientBoostingRegressor,"{""colsample_bytree"": 0.8, ""learning_rate"": 0.08, ""max_depth"": 6, ""n_estimators"": 350, ""random_state"": 42, ""subsample"": 0.8}",PinballLoss,1.04915980637426,2.09831961274852,10.111106883339495,3.179796673270084,0.9562350202387602,1.04915980637426,-0.3040098024669612
lightgbm_quantile,nonsentiment,BRK-B,3,ok,20,log_return,GradientBoostingRegressor,"{""colsample_bytree"": 1.0, ""learning_rate"": 0.03, ""max_depth"": 6, ""n_estimators"": 350, ""random_state"": 42, ""subsample"": 0.8}",PinballLoss,1.0491673041166703,2.0983346082333405,9.969868167101588,3.1575098047514576,0.95684635880228,1.0491673041166703,-0.3002611702652366
lightgbm_quantile,nonsentiment,BRK-B,4,ok,50,difference,GradientBoostingRegressor,"{""colsample_bytree"": 1.0, ""learning_rate"": 0.05, ""max_depth"": 3, ""n_estimators"": 200, ""random_state"": 42, ""subsample"": 0.8}",PinballLoss,1.0525549089744033,2.1051098179488066,10.125087952872779,3.181994335770065,0.9587658716136405,1.0525549089744033,-0.2985481048862625
lightgbm_quantile,nonsentiment,BRK-B,5,ok,20,difference,GradientBoostingRegressor,"{""colsample_bytree"": 0.8, ""learning_rate"": 0.08, ""max_depth"": 6, ""n_estimators"": 200, ""random_state"": 42, ""subsample"": 1.0}",PinballLoss,1.0335830223840734,2.067166044768147,9.862407204368726,3.140446975251887,0.9573114935212964,1.0335830223840734,-0.0955469730618523
lightgbm_quantile,nonsentiment,BRK-B,6,ok,20,log_return,GradientBoostingRegressor,"{""colsample_bytree"": 1.0, ""learning_rate"": 0.08, ""max_depth"": 3, ""n_estimators"": 350, ""random_state"": 42, ""subsample"": 0.8}",PinballLoss,1.075419084620895,2.15083816924179,10.289999134198634,3.207802851516694,0.9554607018749426,1.075419084620895,-0.395397118903435
lightgbm_quantile,nonsentiment,BRK-B,7,ok,20,log_return,GradientBoostingRegressor,"{""colsample_bytree"": 0.8, ""learning_rate"": 0.03, ""max_depth"": 6, ""n_estimators"": 200, ""random_state"": 42, ""subsample"": 0.8}",PinballLoss,1.0400795029667531,2.0801590059335062,9.883121952049171,3.1437433025056563,0.9572218316748285,1.0400795029667531,-0.27574704019654234
lightgbm_quantile,nonsentiment,BRK-B,8,ok,20,difference,GradientBoostingRegressor,"{""colsample_bytree"": 0.8, ""learning_rate"": 0.08, ""max_depth"": 6, ""n_estimators"": 350, ""random_state"": 42, ""subsample"": 1.0}",PinballLoss,1.043901552843106,2.087803105686212,9.968648776398458,3.1573167051150346,0.9568516368208054,1.043901552843106,-0.1270839325280365
lightgbm_quantile,nonsentiment,BRK-B,9,ok,20,difference,GradientBoostingRegressor,"{""colsample_bytree"": 1.0, ""learning_rate"": 0.05, ""max_depth"": 6, ""n_estimators"": 350, ""random_state"": 42, ""subsample"": 0.8}",PinballLoss,1.0377230101671102,2.0754460203342204,9.884506163300925,3.1439634481496324,0.9572158402459853,1.0377230101671102,-0.2127863571440984
lightgbm_quantile,nonsentiment,BRK-B,10,ok,40,log_return,GradientBoostingRegressor,"{""colsample_bytree"": 0.8, ""learning_rate"": 0.05, ""max_depth"": 6, ""n_estimators"": 350, ""random_state"": 42, ""subsample"": 0.8}",PinballLoss,1.0588749999902842,2.1177499999805685,10.088078132893902,3.1761735048472874,0.9580710243608275,1.0588749999902842,-0.32814300815440434
lightgbm_quantile,nonsentiment,BRK-B,11,ok,40,log_return,GradientBoostingRegressor,"{""colsample_bytree"": 1.0, ""learning_rate"": 0.03, ""max_depth"": 3, ""n_estimators"": 200, ""random_state"": 42, ""subsample"": 1.0}",PinballLoss,1.036607399361685,2.07321479872337,10.018349472973519,3.1651776368749855,0.9583608368746322,1.036607399361685,-0.2018652759145697
lightgbm_quantile,nonsentiment,KO,1,ok,50,difference,GradientBoostingRegressor,"{""learning_rate"": 0.05, ""max_depth"": 6, ""n_estimators"": 300, ""random_state"": 42}",PinballLoss,0.2499465513224769,0.4998931026449538,0.5763393011518676,0.7591701397920414,0.9638371071565288,0.2499465513224769,-0.050169760533091926
lightgbm_quantile,nonsentiment,KO,2,ok,20,log_return,GradientBoostingRegressor,"{""colsample_bytree"": 0.8, ""learning_rate"": 0.08, ""max_depth"": 6, ""n_estimators"": 350, ""random_state"": 42, ""subsample"": 0.8}",PinballLoss,0.2613965033298546,0.5227930066597092,0.5923803779464926,0.7696625091210384,0.9643786002024046,0.2613965033298546,-0.12946058783329062
lightgbm_quantile,nonsentiment,KO,3,ok,20,log_return,GradientBoostingRegressor,"{""colsample_bytree"": 1.0, ""learning_rate"": 0.03, ""max_depth"": 6, ""n_estimators"": 350, ""random_state"": 42, ""subsample"": 0.8}",PinballLoss,0.2538712709631244,0.5077425419262488,0.5766571011023832,0.7593794184084681,0.9653240824490209,0.2538712709631244,-0.09517721100976209
lightgbm_quantile,nonsentiment,KO,4,ok,50,difference,GradientBoostingRegressor,"{""colsample_bytree"": 1.0, ""learning_rate"": 0.05, ""max_depth"": 3, ""n_estimators"": 200, ""random_state"": 42, ""subsample"": 0.8}",PinballLoss,0.2481949792236886,0.4963899584473772,0.572321830884458,0.7565195508937347,0.9640891866980278,0.2481949792236886,-0.035094062023361405
lightgbm_quantile,nonsentiment,KO,5,ok,20,difference,GradientBoostingRegressor,"{""colsample_bytree"": 0.8, ""learning_rate"": 0.08, ""max_depth"": 6, ""n_estimators"": 200, ""random_state"": 42, ""subsample"": 1.0}",PinballLoss,0.2550514028241894,0.5101028056483788,0.579909945496335,0.7615181846130367,0.9651284803073059,0.2550514028241894,-0.11034440915180765
lightgbm_quantile,nonsentiment,KO,6,ok,20,log_return,GradientBoostingRegressor,"{""colsample_bytree"": 1.0, ""learning_rate"": 0.08, ""max_depth"": 3, ""n_estimators"": 350, ""random_state"": 42, ""subsample"": 0.8}",PinballLoss,0.2632323766543462,0.5264647533086924,0.5924120275639833,0.7696830695578429,0.9643766970271476,0.2632323766543462,-0.14917164308621852
lightgbm_quantile,nonsentiment,KO,7,ok,20,log_return,GradientBoostingRegressor,"{""colsample_bytree"": 0.8, ""learning_rate"": 0.03, ""max_depth"": 6, ""n_estimators"": 200, ""random_state"": 42, ""subsample"": 0.8}",PinballLoss,0.25045846473845346,0.5009169294769069,0.5700513355488642,0.7550174405593981,0.96572130461321,0.25045846473845346,-0.07003027255505108
lightgbm_quantile,nonsentiment,KO,8,ok,20,difference,GradientBoostingRegressor,"{""colsample_bytree"": 0.8, ""learning_rate"": 0.08, ""max_depth"": 6, ""n_estimators"": 350, ""random_state"": 42, ""subsample"": 1.0}",PinballLoss,0.25664328681387366,0.5132865736277473,0.5830945017719158,0.7636062478607124,0.9649369845108656,0.25664328681387366,-0.11686105506857467
lightgbm_quantile,nonsentiment,KO,9,ok,20,difference,GradientBoostingRegressor,"{""colsample_bytree"": 1.0, ""learning_rate"": 0.05, ""max_depth"": 6, ""n_estimators"": 350, ""random_state"": 42, ""subsample"": 0.8}",PinballLoss,0.2567497617627086,0.5134995235254172,0.5808139204282948,0.7621114881881094,0.9650741219023736,0.2567497617627086,-0.12180057657819818
lightgbm_quantile,nonsentiment,KO,10,ok,40,log_return,GradientBoostingRegressor,"{""colsample_bytree"": 0.8, ""learning_rate"": 0.05, ""max_depth"": 6, ""n_estimators"": 350, ""random_state"": 42, ""subsample"": 0.8}",PinballLoss,0.2540662392535463,0.5081324785070926,0.5806569688534666,0.7620085096988528,0.9641432816237084,0.2540662392535463,-0.10091719567968857
lightgbm_quantile,nonsentiment,KO,11,ok,40,log_return,GradientBoostingRegressor,"{""colsample_bytree"": 1.0, ""learning_rate"": 0.03, ""max_depth"": 3, ""n_estimators"": 200, ""random_state"": 42, ""subsample"": 1.0}",PinballLoss,0.24729836824057638,0.49459673648115277,0.5722522880529803,0.7564735871482761,0.9646622873166921,0.24729836824057638,-0.015555839589230526
lightgbm_quantile,nonsentiment,MRK,1,ok,50,difference,GradientBoostingRegressor,"{""learning_rate"": 0.05, ""max_depth"": 6, ""n_estimators"": 300, ""random_state"": 42}",PinballLoss,0.4069647650082556,0.8139295300165112,1.3262246676671512,1.151618282100085,0.9696554545540199,0.4069647650082556,-0.22959355187004846
lightgbm_quantile,nonsentiment,MRK,2,ok,20,log_return,GradientBoostingRegressor,"{""colsample_bytree"": 0.8, ""learning_rate"": 0.08, ""max_depth"": 6, ""n_estimators"": 350, ""random_state"": 42, ""subsample"": 0.8}",PinballLoss,0.4113309607954767,0.8226619215909534,1.3315662540369724,1.1539351169095133,0.9728885642429065,0.4113309607954767,-0.2542066092720826
lightgbm_quantile,nonsentiment,MRK,3,ok,20,log_return,GradientBoostingRegressor,"{""colsample_bytree"": 1.0, ""learning_rate"": 0.03, ""max_depth"": 6, ""n_estimators"": 350, ""random_state"": 42, ""subsample"": 0.8}",PinballLoss,0.4075880942566018,0.8151761885132036,1.319295342124124,1.1486058253918634,0.9731384068917401,0.4075880942566018,-0.24307164001605258
lightgbm_quantile,nonsentiment,MRK,4,ok,50,difference,GradientBoostingRegressor,"{""colsample_bytree"": 1.0, ""learning_rate"": 0.05, ""max_depth"": 3, ""n_estimators"": 200, ""random_state"": 42, ""subsample"": 0.8}",PinballLoss,0.40434522251625077,0.8086904450325015,1.319778605215258,1.1488161755543216,0.9698029430149027,0.40434522251625077,-0.20497839836063286
lightgbm_quantile,nonsentiment,MRK,5,ok,20,difference,GradientBoostingRegressor,"{""colsample_bytree"": 0.8, ""learning_rate"": 0.08, ""max_depth"": 6, ""n_estimators"": 200, ""random_state"": 42, ""subsample"": 1.0}",PinballLoss,0.39927495251658385,0.7985499050331677,1.2933278897850804,1.1372457473145725,0.9736671187855201,0.39927495251658385,-0.17217184988627732
lightgbm_quantile,nonsentiment,MRK,6,ok,20,log_return,GradientBoostingRegressor,"{""colsample_bytree"": 1.0, ""learning_rate"": 0.08, ""max_depth"": 3, ""n_estimators"": 350, ""random_state"": 42, ""subsample"": 0.8}",PinballLoss,0.407075899272427,0.814151798544854,1.3203233232725657,1.1490532290858269,0.9731174766190024,0.407075899272427,-0.21653961503233682
lightgbm_quantile,nonsentiment,MRK,7,ok,20,log_return,GradientBoostingRegressor,"{""colsample_bytree"": 0.8, ""learning_rate"": 0.03, ""max_depth"": 6, ""n_estimators"": 200, ""random_state"": 42, ""subsample"": 0.8}",PinballLoss,0.4062210024959141,0.8124420049918282,1.3133986014462675,1.1460360384587682,0.9732584678391991,0.4062210024959141,-0.2382418043493289
lightgbm_quantile,nonsentiment,MRK,8,ok,20,difference,GradientBoostingRegressor,"{""colsample_bytree"": 0.8, ""learning_rate"": 0.08, ""max_depth"": 6, ""n_estimators"": 350, ""random_state"": 42, ""subsample"": 1.0}",PinballLoss,0.3998216074228865,0.799643214845773,1.294027658787843,1.1375533652483487,0.9736528710961501,0.3998216074228865,-0.1758716675228207
lightgbm_quantile,nonsentiment,MRK,9,ok,20,difference,GradientBoostingRegressor,"{""colsample_bytree"": 1.0, ""learning_rate"": 0.05, ""max_depth"": 6, ""n_estimators"": 350, ""random_state"": 42, ""subsample"": 0.8}",PinballLoss,0.40563948967100405,0.8112789793420081,1.3175963717784545,1.1478660077632992,0.973172998880866,0.40563948967100405,-0.22597797593531246
lightgbm_quantile,nonsentiment,MRK,10,ok,40,log_return,GradientBoostingRegressor,"{""colsample_bytree"": 0.8, ""learning_rate"": 0.05, ""max_depth"": 6, ""n_estimators"": 350, ""random_state"": 42, ""subsample"": 0.8}",PinballLoss,0.4321894054694,0.8643788109388,1.4196156921092493,1.1914762658606546,0.968796242257129,0.4321894054694,-0.37266529113456814
lightgbm_quantile,nonsentiment,MRK,11,ok,40,log_return,GradientBoostingRegressor,"{""colsample_bytree"": 1.0, ""learning_rate"": 0.03, ""max_depth"": 3, ""n_estimators"": 200, ""random_state"": 42, ""subsample"": 1.0}",PinballLoss,0.42319290385625963,0.8463858077125193,1.383633470213909,1.176279503440364,0.9695871468246914,0.42319290385625963,-0.336569113291297
lightgbm_quantile,nonsentiment,ORCL,1,ok,50,difference,GradientBoostingRegressor,"{""learning_rate"": 0.05, ""max_depth"": 6, ""n_estimators"": 300, ""random_state"": 42}",PinballLoss,0.31646148296703625,0.6329229659340725,0.9219579973673804,0.9601864388582981,0.9619515892251839,0.31646148296703625,-0.15936784192273334
lightgbm_quantile,nonsentiment,ORCL,2,ok,20,log_return,GradientBoostingRegressor,"{""colsample_bytree"": 0.8, ""learning_rate"": 0.08, ""max_depth"": 6, ""n_estimators"": 350, ""random_state"": 42, ""subsample"": 0.8}",PinballLoss,0.3142345893052576,0.6284691786105152,0.8902909245336026,0.9435522903017101,0.960486824876131,0.3142345893052576,-0.13106843119851472
lightgbm_quantile,nonsentiment,ORCL,3,ok,20,log_return,GradientBoostingRegressor,"{""colsample_bytree"": 1.0, ""learning_rate"": 0.03, ""max_depth"": 6, ""n_estimators"": 350, ""random_state"": 42, ""subsample"": 0.8}",PinballLoss,0.31552259436106883,0.6310451887221377,0.8885950490687992,0.942653196604562,0.9605620917606769,0.31552259436106883,-0.1682511436545093
lightgbm_quantile,nonsentiment,ORCL,4,ok,50,difference,GradientBoostingRegressor,"{""colsample_bytree"": 1.0, ""learning_rate"": 0.05, ""max_depth"": 3, ""n_estimators"": 200, ""random_state"": 42, ""subsample"": 0.8}",PinballLoss,0.3175760491407013,0.6351520982814026,0.9305267772952986,0.964638158738964,0.9615979630735941,0.3175760491407013,-0.17405162684722422
lightgbm_quantile,nonsentiment,ORCL,5,ok,20,difference,GradientBoostingRegressor,"{""colsample_bytree"": 0.8, ""learning_rate"": 0.08, ""max_depth"": 6, ""n_estimators"": 200, ""random_state"": 42, ""subsample"": 1.0}",PinballLoss,0.3182238708275689,0.6364477416551378,0.8962187757356456,0.946688320270006,0.9602237330977023,0.3182238708275689,-0.17637332430523203
lightgbm_quantile,nonsentiment,ORCL,6,ok,20,log_return,GradientBoostingRegressor,"{""colsample_bytree"": 1.0, ""learning_rate"": 0.08, ""max_depth"": 3, ""n_estimators"": 350, ""random_state"": 42, ""subsample"": 0.8}",PinballLoss,0.32155342804179127,0.6431068560835825,0.9079726968154334,0.9528760133487637,0.9597020668319688,0.32155342804179127,-0.18929745560097613
lightgbm_quantile,nonsentiment,ORCL,7,ok,20,log_return,GradientBoostingRegressor,"{""colsample_bytree"": 0.8, ""learning_rate"": 0.03, ""max_depth"": 6, ""n_estimators"": 200, ""random_state"": 42, ""subsample"": 0.8}",PinballLoss,0.313149319116731,0.626298638233462,0.882955276498453,0.9396569993877835,0.9608123979416003,0.313149319116731,-0.1601386057486434
lightgbm_quantile,nonsentiment,ORCL,8,ok,20,difference,GradientBoostingRegressor,"{""colsample_bytree"": 0.8, ""learning_rate"": 0.08, ""max_depth"": 6, ""n_estimators"": 350, ""random_state"": 42, ""subsample"": 1.0}",PinballLoss,0.32024837292137404,0.6404967458427481,0.9003353096135562,0.9488600052766247,0.9600410317811563,0.32024837292137404,-0.1825905926591897
lightgbm_quantile,nonsentiment,ORCL,9,ok,20,difference,GradientBoostingRegressor,"{""colsample_bytree"": 1.0, ""learning_rate"": 0.05, ""max_depth"": 6, ""n_estimators"": 350, ""random_state"": 42, ""subsample"": 0.8}",PinballLoss,0.32103640048596505,0.6420728009719301,0.9049926561492686,0.9513110196719412,0.9598343279451326,0.32103640048596505,-0.1853906926558909
lightgbm_quantile,nonsentiment,ORCL,10,ok,40,log_return,GradientBoostingRegressor,"{""colsample_bytree"": 0.8, ""learning_rate"": 0.05, ""max_depth"": 6, ""n_estimators"": 350, ""random_state"": 42, ""subsample"": 0.8}",PinballLoss,0.3104148523123169,0.6208297046246338,0.9072019519124891,0.952471496640445,0.9613058365977073,0.3104148523123169,-0.1185295928069086
lightgbm_quantile,nonsentiment,ORCL,11,ok,40,log_return,GradientBoostingRegressor,"{""colsample_bytree"": 1.0, ""learning_rate"": 0.03, ""max_depth"": 3, ""n_estimators"": 200, ""random_state"": 42, ""subsample"": 1.0}",PinballLoss,0.3102368238712335,0.620473647742467,0.9072287976554944,0.9524855892114559,0.9613046915675799,0.3102368238712335,-0.11820675257439392
