Date,Stock,Model,Mode,Actual,Predicted,Residual,Absolute_Error
2021-03-08 00:00:00+00:00,MRK,quantile_regression,sentiment,70.77290344238281,69.73310597134571,1.0397974710371045,1.0397974710371045
2021-03-09 00:00:00+00:00,MRK,quantile_regression,sentiment,70.74427795410156,70.52273238192537,0.22154557217619697,0.22154557217619697
2021-03-10 00:00:00+00:00,MRK,quantile_regression,sentiment,71.33587646484375,70.72347991499913,0.6123965498446182,0.6123965498446182
2021-03-11 00:00:00+00:00,MRK,quantile_regression,sentiment,71.21183013916016,71.0596828569818,0.15214728217836182,0.15214728217836182
2021-03-12 00:00:00+00:00,MRK,quantile_regression,sentiment,71.1832046508789,71.01740414375008,0.16580050712882155,0.16580050712882155
2021-03-15 00:00:00+00:00,MRK,quantile_regression,sentiment,72.7385482788086,70.90070065573971,1.8378476230688818,1.8378476230688818
2021-03-16 00:00:00+00:00,MRK,quantile_regression,sentiment,73.29198455810547,72.6624124977391,0.629572060366371,0.629572060366371
2021-03-17 00:00:00+00:00,MRK,quantile_regression,sentiment,73.7595443725586,72.97353403275608,0.786010339802516,0.786010339802516
2021-03-18 00:00:00+00:00,MRK,quantile_regression,sentiment,73.73091888427734,73.5232662972571,0.2076525870202488,0.2076525870202488
2021-03-19 00:00:00+00:00,MRK,quantile_regression,sentiment,73.95992279052734,73.33245971761482,0.6274630729125192,0.6274630729125192
2021-03-22 00:00:00+00:00,MRK,quantile_regression,sentiment,73.95992279052734,73.69797635830831,0.2619464322190339,0.2619464322190339
2021-03-23 00:00:00+00:00,MRK,quantile_regression,sentiment,72.77671813964844,73.67430011346036,-0.8975819738119242,0.8975819738119242
2021-03-24 00:00:00+00:00,MRK,quantile_regression,sentiment,72.74809265136719,72.78537962834392,-0.03728697697673056,0.03728697697673056
2021-03-25 00:00:00+00:00,MRK,quantile_regression,sentiment,72.58587646484375,72.80210990419845,-0.21623343935469563,0.21623343935469563
2021-03-26 00:00:00+00:00,MRK,quantile_regression,sentiment,73.84542083740234,72.45004034759233,1.3953804898100088,1.3953804898100088
2021-03-29 00:00:00+00:00,MRK,quantile_regression,sentiment,74.71373748779297,73.58340544790934,1.1303320398836263,1.1303320398836263
2021-03-30 00:00:00+00:00,MRK,quantile_regression,sentiment,73.43511199951172,74.36767035753437,-0.9325583580226464,0.9325583580226464
2021-03-31 00:00:00+00:00,MRK,quantile_regression,sentiment,73.55915832519531,73.51973375571347,0.039424569481838034,0.039424569481838034
2021-04-01 00:00:00+00:00,MRK,quantile_regression,sentiment,73.55915832519531,73.66023395585398,-0.10107563065866998,0.10107563065866998
2021-04-05 00:00:00+00:00,MRK,quantile_regression,sentiment,73.47328186035156,73.65028305766698,-0.17700119731541974,0.17700119731541974
2021-04-06 00:00:00+00:00,MRK,quantile_regression,sentiment,72.3187026977539,73.47742862715499,-1.1587259294010863,1.1587259294010863
2021-04-07 00:00:00+00:00,MRK,quantile_regression,sentiment,72.63359069824219,72.293843709847,0.33974698839519135,0.33974698839519135
2021-04-08 00:00:00+00:00,MRK,quantile_regression,sentiment,72.03244018554688,72.51789342631457,-0.485453240767697,0.485453240767697
2021-04-09 00:00:00+00:00,MRK,quantile_regression,sentiment,72.81488800048828,71.98135950701665,0.8335284934716327,0.8335284934716327
2021-04-12 00:00:00+00:00,MRK,quantile_regression,sentiment,72.72901153564453,72.82521186385274,-0.09620032820821223,0.09620032820821223
2021-04-13 00:00:00+00:00,MRK,quantile_regression,sentiment,72.92938995361328,72.77449843515768,0.15489151845559945,0.15489151845559945
2021-04-14 00:00:00+00:00,MRK,quantile_regression,sentiment,72.90076446533203,72.654226860196,0.24653760513602663,0.24653760513602663
2021-04-15 00:00:00+00:00,MRK,quantile_regression,sentiment,73.14885711669922,72.7609802174446,0.3878768992546213,0.3878768992546213
2021-04-16 00:00:00+00:00,MRK,quantile_regression,sentiment,73.9217529296875,72.75465318231852,1.1670997473689795,1.1670997473689795
2021-04-19 00:00:00+00:00,MRK,quantile_regression,sentiment,74.1030502319336,73.73641021878386,0.36664001314973405,0.36664001314973405
2021-04-20 00:00:00+00:00,MRK,quantile_regression,sentiment,74.97137451171875,73.90942752248978,1.0619469892289715,1.0619469892289715
2021-04-21 00:00:00+00:00,MRK,quantile_regression,sentiment,75.60114288330078,74.72468208820392,0.876460795096861,0.876460795096861
2021-04-22 00:00:00+00:00,MRK,quantile_regression,sentiment,74.38931274414062,75.2618461753663,-0.8725334312256763,0.8725334312256763
2021-04-23 00:00:00+00:00,MRK,quantile_regression,sentiment,74.31298065185547,74.14550635093777,0.16747430091770354,0.16747430091770354
2021-04-26 00:00:00+00:00,MRK,quantile_regression,sentiment,73.97901153564453,73.76955973599576,0.20945179964877525,0.20945179964877525
2021-04-27 00:00:00+00:00,MRK,quantile_regression,sentiment,73.8167953491211,73.63853122516241,0.17826412395868374,0.17826412395868374
2021-04-28 00:00:00+00:00,MRK,quantile_regression,sentiment,73.55915832519531,73.62227682073376,-0.06311849553844695,0.06311849553844695
2021-04-29 00:00:00+00:00,MRK,quantile_regression,sentiment,70.30534362792969,73.13890487645125,-2.833561248521562,2.833561248521562
2021-04-30 00:00:00+00:00,MRK,quantile_regression,sentiment,71.08778381347656,70.31505688551215,0.7727269279644133,0.7727269279644133
2021-05-03 00:00:00+00:00,MRK,quantile_regression,sentiment,72.5,71.00428793621559,1.49571206378441,1.49571206378441
2021-05-04 00:00:00+00:00,MRK,quantile_regression,sentiment,72.5095443725586,72.29864252907487,0.21090184348372532,0.21090184348372532
2021-05-05 00:00:00+00:00,MRK,quantile_regression,sentiment,74.14122009277344,72.35763398406455,1.7835861087088887,1.7835861087088887
2021-05-06 00:00:00+00:00,MRK,quantile_regression,sentiment,74.21755981445312,74.02862886546339,0.18893094898973573,0.18893094898973573
2021-05-07 00:00:00+00:00,MRK,quantile_regression,sentiment,74.8187026977539,73.78649126375592,1.0322114339979862,1.0322114339979862
2021-05-10 00:00:00+00:00,MRK,quantile_regression,sentiment,74.5896987915039,74.37293422426356,0.21676456724034665,0.21676456724034665
2021-05-11 00:00:00+00:00,MRK,quantile_regression,sentiment,73.91221618652344,74.42641388923137,-0.5141977027079321,0.5141977027079321
2021-05-12 00:00:00+00:00,MRK,quantile_regression,sentiment,74.42748260498047,73.65271533603571,0.7747672689447569,0.7747672689447569
2021-05-13 00:00:00+00:00,MRK,quantile_regression,sentiment,75.08587646484375,74.19191397891178,0.893962485931965,0.893962485931965
2021-05-14 00:00:00+00:00,MRK,quantile_regression,sentiment,74.7042007446289,74.65347352946497,0.050727215163931305,0.050727215163931305
2021-05-17 00:00:00+00:00,MRK,quantile_regression,sentiment,76.21183013916016,74.63776745304439,1.5740626861157665,1.5740626861157665
2021-05-18 00:00:00+00:00,MRK,quantile_regression,sentiment,75.74427795410156,75.75392064154107,-0.009642687439509245,0.009642687439509245
2021-05-19 00:00:00+00:00,MRK,quantile_regression,sentiment,75.72518920898438,75.56945777014205,0.15573143884232366,0.15573143884232366
2021-05-20 00:00:00+00:00,MRK,quantile_regression,sentiment,76.0114517211914,75.56339746124617,0.44805425994523773,0.44805425994523773
2021-05-21 00:00:00+00:00,MRK,quantile_regression,sentiment,75.55343627929688,75.82135877591357,-0.2679224966166913,0.2679224966166913
2021-05-24 00:00:00+00:00,MRK,quantile_regression,sentiment,75.4103012084961,75.51831333616266,-0.10801212766656931,0.10801212766656931
2021-05-25 00:00:00+00:00,MRK,quantile_regression,sentiment,73.95037841796875,75.16821091640776,-1.2178324984390088,1.2178324984390088
2021-05-26 00:00:00+00:00,MRK,quantile_regression,sentiment,73.6927490234375,73.62798291579011,0.06476610764738666,0.06476610764738666
2021-05-27 00:00:00+00:00,MRK,quantile_regression,sentiment,72.4427490234375,73.54207243056958,-1.0993234071320757,1.0993234071320757
2021-05-28 00:00:00+00:00,MRK,quantile_regression,sentiment,72.41412353515625,72.23306206780187,0.18106146735438244,0.18106146735438244
2021-06-01 00:00:00+00:00,MRK,quantile_regression,sentiment,71.73664093017578,72.48122096187308,-0.7445800316972964,0.7445800316972964
2021-06-02 00:00:00+00:00,MRK,quantile_regression,sentiment,72.39503479003906,71.52558022971049,0.8694545603285775,0.8694545603285775
2021-06-03 00:00:00+00:00,MRK,quantile_regression,sentiment,73.91000366210938,72.46025239911214,1.449751262997239,1.449751262997239
2021-06-04 00:00:00+00:00,MRK,quantile_regression,sentiment,74.11000061035156,73.59818813986041,0.5118124704911509,0.5118124704911509
2021-06-07 00:00:00+00:00,MRK,quantile_regression,sentiment,72.80000305175781,73.8716885219215,-1.0716854701636862,1.0716854701636862
2021-06-08 00:00:00+00:00,MRK,quantile_regression,sentiment,72.4000015258789,72.88279379658249,-0.4827922707035839,0.4827922707035839
2021-06-09 00:00:00+00:00,MRK,quantile_regression,sentiment,74.04000091552734,72.2713019389595,1.7686989765678476,1.7686989765678476
2021-06-10 00:00:00+00:00,MRK,quantile_regression,sentiment,76.13999938964844,73.84112468155115,2.298874708097287,2.298874708097287
2021-06-11 00:00:00+00:00,MRK,quantile_regression,sentiment,76.2699966430664,75.63863477984992,0.6313618632164832,0.6313618632164832
2021-06-14 00:00:00+00:00,MRK,quantile_regression,sentiment,75.44999694824219,75.92328624360842,-0.47328929536622866,0.47328929536622866
2021-06-15 00:00:00+00:00,MRK,quantile_regression,sentiment,75.69999694824219,75.15943471024772,0.5405622379944646,0.5405622379944646
2021-06-16 00:00:00+00:00,MRK,quantile_regression,sentiment,76.61000061035156,75.53977305433737,1.0702275560141885,1.0702275560141885
2021-06-17 00:00:00+00:00,MRK,quantile_regression,sentiment,77.2300033569336,76.08925504603553,1.1407483108980614,1.1407483108980614
2021-06-18 00:00:00+00:00,MRK,quantile_regression,sentiment,76.61000061035156,76.74454158772355,-0.13454097737198367,0.13454097737198367
2021-06-21 00:00:00+00:00,MRK,quantile_regression,sentiment,76.75,76.20019609292295,0.5498039070770488,0.5498039070770488
2021-06-22 00:00:00+00:00,MRK,quantile_regression,sentiment,76.19000244140625,76.48109109436729,-0.2910886529610366,0.2910886529610366
2021-06-23 00:00:00+00:00,MRK,quantile_regression,sentiment,75.58000183105469,76.1332727118759,-0.5532708808212163,0.5532708808212163
2021-06-24 00:00:00+00:00,MRK,quantile_regression,sentiment,76.36000061035156,75.45638303813558,0.9036175722159783,0.9036175722159783
2021-06-25 00:00:00+00:00,MRK,quantile_regression,sentiment,77.19999694824219,76.05364662120127,1.1463503270409205,1.1463503270409205
2021-06-28 00:00:00+00:00,MRK,quantile_regression,sentiment,76.86000061035156,77.00635471470046,-0.14635410434890161,0.14635410434890161
2021-06-29 00:00:00+00:00,MRK,quantile_regression,sentiment,77.20999908447266,76.58096506329181,0.6290340211808427,0.6290340211808427
2021-06-30 00:00:00+00:00,MRK,quantile_regression,sentiment,77.7699966430664,77.09125440090659,0.6787422421598137,0.6787422421598137
2021-07-01 00:00:00+00:00,MRK,quantile_regression,sentiment,77.98999786376953,77.66240345000368,0.3275944137658513,0.3275944137658513
2021-07-02 00:00:00+00:00,MRK,quantile_regression,sentiment,78.5999984741211,77.64813843061899,0.9518600435021085,0.9518600435021085
2021-07-06 00:00:00+00:00,MRK,quantile_regression,sentiment,78.11000061035156,78.33726211431542,-0.22726150396385947,0.22726150396385947
2021-07-07 00:00:00+00:00,MRK,quantile_regression,sentiment,78.55999755859375,77.6845665219409,0.8754310366528557,0.8754310366528557
2021-07-08 00:00:00+00:00,MRK,quantile_regression,sentiment,78.12000274658203,78.43915740924368,-0.3191546626616457,0.3191546626616457
2021-07-09 00:00:00+00:00,MRK,quantile_regression,sentiment,77.98999786376953,77.93539190072403,0.05460596304550336,0.05460596304550336
2021-07-12 00:00:00+00:00,MRK,quantile_regression,sentiment,77.55000305175781,77.66042976273489,-0.11042671097708023,0.11042671097708023
2021-07-13 00:00:00+00:00,MRK,quantile_regression,sentiment,77.61000061035156,77.30180283888038,0.30819777147118543,0.30819777147118543
2021-07-14 00:00:00+00:00,MRK,quantile_regression,sentiment,77.62000274658203,77.32360978275398,0.2963929638280547,0.2963929638280547
2021-07-15 00:00:00+00:00,MRK,quantile_regression,sentiment,77.9000015258789,77.40125158661442,0.49874993926448496,0.49874993926448496
2021-07-16 00:00:00+00:00,MRK,quantile_regression,sentiment,78.0199966430664,77.448520212384,0.5714764306824094,0.5714764306824094
2021-07-19 00:00:00+00:00,MRK,quantile_regression,sentiment,77.05000305175781,77.82972551095351,-0.7797224591956962,0.7797224591956962
2021-07-20 00:00:00+00:00,MRK,quantile_regression,sentiment,76.16999816894531,76.74524866129538,-0.5752504923500652,0.5752504923500652
2021-07-21 00:00:00+00:00,MRK,quantile_regression,sentiment,76.38999938964844,75.8683474109775,0.5216519786709313,0.5216519786709313
2021-07-22 00:00:00+00:00,MRK,quantile_regression,sentiment,76.52999877929688,76.0648878519545,0.4651109273423799,0.4651109273423799
2021-07-23 00:00:00+00:00,MRK,quantile_regression,sentiment,77.54000091552734,76.29827292920524,1.241727986322104,1.241727986322104
2021-07-26 00:00:00+00:00,MRK,quantile_regression,sentiment,77.23999786376953,77.4962895154153,-0.2562916516457676,0.2562916516457676
2021-07-27 00:00:00+00:00,MRK,quantile_regression,sentiment,77.8499984741211,76.80877441132964,1.041224062791457,1.041224062791457
2021-07-28 00:00:00+00:00,MRK,quantile_regression,sentiment,78.33000183105469,77.64446940027932,0.6855324307753676,0.6855324307753676
2021-07-29 00:00:00+00:00,MRK,quantile_regression,sentiment,76.93000030517578,77.73057567575475,-0.8005753705789687,0.8005753705789687
2021-07-30 00:00:00+00:00,MRK,quantile_regression,sentiment,76.87000274658203,76.68112955694173,0.18887318964030442,0.18887318964030442
2021-08-02 00:00:00+00:00,MRK,quantile_regression,sentiment,76.18000030517578,76.54271293798791,-0.3627126328121335,0.3627126328121335
2021-08-03 00:00:00+00:00,MRK,quantile_regression,sentiment,76.41000366210938,75.8464833612667,0.5635203008426686,0.5635203008426686
2021-08-04 00:00:00+00:00,MRK,quantile_regression,sentiment,75.4800033569336,76.23330579391761,-0.7533024369840149,0.7533024369840149
2021-08-05 00:00:00+00:00,MRK,quantile_regression,sentiment,75.58999633789062,75.28280417500383,0.30719216288679263,0.30719216288679263
2021-08-06 00:00:00+00:00,MRK,quantile_regression,sentiment,75.44000244140625,75.4681628246925,-0.028160383286248702,0.028160383286248702
2021-08-09 00:00:00+00:00,MRK,quantile_regression,sentiment,75.31999969482422,75.29846573482735,0.02153395999687291,0.02153395999687291
2021-08-10 00:00:00+00:00,MRK,quantile_regression,sentiment,75.19000244140625,75.03552721960207,0.1544752218041765,0.1544752218041765
2021-08-11 00:00:00+00:00,MRK,quantile_regression,sentiment,75.20999908447266,74.85662287201528,0.35337621245737694,0.35337621245737694
2021-08-12 00:00:00+00:00,MRK,quantile_regression,sentiment,76.04000091552734,75.10242904332526,0.9375718722020849,0.9375718722020849
2021-08-13 00:00:00+00:00,MRK,quantile_regression,sentiment,76.72000122070312,75.61196512413431,1.10803609656881,1.10803609656881
2021-08-16 00:00:00+00:00,MRK,quantile_regression,sentiment,77.93000030517578,76.57198541110671,1.358014894069072,1.358014894069072
2021-08-17 00:00:00+00:00,MRK,quantile_regression,sentiment,78.83000183105469,77.54562411187382,1.284377719180867,1.284377719180867
2021-08-18 00:00:00+00:00,MRK,quantile_regression,sentiment,77.79000091552734,78.49537722351987,-0.7053763079925233,0.7053763079925233
2021-08-19 00:00:00+00:00,MRK,quantile_regression,sentiment,78.45999908447266,77.41073992783795,1.0492591566347045,1.0492591566347045
2021-08-20 00:00:00+00:00,MRK,quantile_regression,sentiment,78.68000030517578,78.21737723942792,0.46262306574786294,0.46262306574786294
2021-08-23 00:00:00+00:00,MRK,quantile_regression,sentiment,78.37999725341797,78.28216802477137,0.09782922864660293,0.09782922864660293
2021-08-24 00:00:00+00:00,MRK,quantile_regression,sentiment,77.72000122070312,78.02251290119592,-0.302511680492799,0.302511680492799
2021-08-25 00:00:00+00:00,MRK,quantile_regression,sentiment,77.06999969482422,77.54354901723377,-0.4735493224095535,0.4735493224095535
2021-08-26 00:00:00+00:00,MRK,quantile_regression,sentiment,76.56999969482422,76.71130309999934,-0.14130340517512252,0.14130340517512252
2021-08-27 00:00:00+00:00,MRK,quantile_regression,sentiment,76.30000305175781,76.46304595874392,-0.16304290698610657,0.16304290698610657
2021-08-30 00:00:00+00:00,MRK,quantile_regression,sentiment,76.5,76.19777670922707,0.302223290772929,0.302223290772929
2021-08-31 00:00:00+00:00,MRK,quantile_regression,sentiment,76.29000091552734,76.45195787486021,-0.16195695933286913,0.16195695933286913
2021-09-01 00:00:00+00:00,MRK,quantile_regression,sentiment,76.18000030517578,76.06769495302599,0.11230535214978943,0.11230535214978943
2021-09-02 00:00:00+00:00,MRK,quantile_regression,sentiment,77.12000274658203,76.22538755212268,0.8946151944593481,0.8946151944593481
2021-09-03 00:00:00+00:00,MRK,quantile_regression,sentiment,77.26000213623047,76.46462685724669,0.7953752789837836,0.7953752789837836
2021-09-07 00:00:00+00:00,MRK,quantile_regression,sentiment,75.9800033569336,76.819743547031,-0.8397401900974018,0.8397401900974018
2021-09-08 00:00:00+00:00,MRK,quantile_regression,sentiment,75.36000061035156,75.80392448272912,-0.44392387237755315,0.44392387237755315
2021-09-09 00:00:00+00:00,MRK,quantile_regression,sentiment,73.81999969482422,75.1268837000384,-1.3068840052141866,1.3068840052141866
2021-09-10 00:00:00+00:00,MRK,quantile_regression,sentiment,73.44999694824219,73.78574991432791,-0.335752966085721,0.335752966085721
2021-09-13 00:00:00+00:00,MRK,quantile_regression,sentiment,73.18000030517578,73.45689178758121,-0.27689148240543204,0.27689148240543204
2021-09-14 00:00:00+00:00,MRK,quantile_regression,sentiment,72.11000061035156,73.04458281731219,-0.9345822069606271,0.9345822069606271
2021-09-15 00:00:00+00:00,MRK,quantile_regression,sentiment,72.80999755859375,71.93729465956244,0.8727028990313102,0.8727028990313102
2021-09-16 00:00:00+00:00,MRK,quantile_regression,sentiment,71.97000122070312,72.6002168130401,-0.630215592336981,0.630215592336981
2021-09-17 00:00:00+00:00,MRK,quantile_regression,sentiment,71.68000030517578,71.85486671437272,-0.1748664091969374,0.1748664091969374
2021-09-20 00:00:00+00:00,MRK,quantile_regression,sentiment,71.93000030517578,71.57616680012796,0.35383350504781674,0.35383350504781674
2021-09-21 00:00:00+00:00,MRK,quantile_regression,sentiment,71.97000122070312,71.61855318793863,0.35144803276449466,0.35144803276449466
2021-09-22 00:00:00+00:00,MRK,quantile_regression,sentiment,72.04000091552734,71.92204212812953,0.11795878739781074,0.11795878739781074
2021-09-23 00:00:00+00:00,MRK,quantile_regression,sentiment,73.05000305175781,71.8107057676185,1.2392972841393117,1.2392972841393117
2021-09-24 00:00:00+00:00,MRK,quantile_regression,sentiment,73.61000061035156,72.99103305752405,0.6189675528275131,0.6189675528275131
2021-09-27 00:00:00+00:00,MRK,quantile_regression,sentiment,73.36000061035156,73.38683069216493,-0.02683008181337243,0.02683008181337243
2021-09-28 00:00:00+00:00,MRK,quantile_regression,sentiment,73.31999969482422,73.11893002253078,0.20106967229344264,0.20106967229344264
2021-09-29 00:00:00+00:00,MRK,quantile_regression,sentiment,75.08999633789062,73.33895263439182,1.7510437034988087,1.7510437034988087
2021-09-30 00:00:00+00:00,MRK,quantile_regression,sentiment,75.11000061035156,74.88281032131113,0.22719028904043626,0.22719028904043626
2021-10-01 00:00:00+00:00,MRK,quantile_regression,sentiment,81.4000015258789,74.78022109490429,6.619780430974615,6.619780430974615
2021-10-04 00:00:00+00:00,MRK,quantile_regression,sentiment,83.0999984741211,80.95461743538789,2.1453810387332055,2.1453810387332055
2021-10-05 00:00:00+00:00,MRK,quantile_regression,sentiment,81.5999984741211,82.28904210821827,-0.6890436340971746,0.6890436340971746
2021-10-06 00:00:00+00:00,MRK,quantile_regression,sentiment,80.66000366210938,81.03706477034312,-0.3770611082337467,0.3770611082337467
2021-10-07 00:00:00+00:00,MRK,quantile_regression,sentiment,81.94000244140625,80.38586800746677,1.5541344339394811,1.5541344339394811
2021-10-08 00:00:00+00:00,MRK,quantile_regression,sentiment,80.62999725341797,81.38000278098389,-0.7500055275659179,0.7500055275659179
2021-10-11 00:00:00+00:00,MRK,quantile_regression,sentiment,79.93000030517578,80.35556142128843,-0.4255611161126467,0.4255611161126467
2021-10-12 00:00:00+00:00,MRK,quantile_regression,sentiment,79.58999633789062,79.37001917535497,0.21997716253565613,0.21997716253565613
2021-10-13 00:00:00+00:00,MRK,quantile_regression,sentiment,78.94999694824219,79.37890452120112,-0.4289075729589342,0.4289075729589342
2021-10-14 00:00:00+00:00,MRK,quantile_regression,sentiment,78.33000183105469,78.75180706262617,-0.42180523157148286,0.42180523157148286
2021-10-15 00:00:00+00:00,MRK,quantile_regression,sentiment,78.33000183105469,78.0096508009011,0.32035103015358857,0.32035103015358857
2021-10-18 00:00:00+00:00,MRK,quantile_regression,sentiment,77.1500015258789,78.16597388801758,-1.015972362138669,1.015972362138669
2021-10-19 00:00:00+00:00,MRK,quantile_regression,sentiment,79.48999786376953,76.98274276992308,2.507255093846453,2.507255093846453
2021-10-20 00:00:00+00:00,MRK,quantile_regression,sentiment,81.06999969482422,79.19658480932736,1.8734148854968566,1.8734148854968566
2021-10-21 00:00:00+00:00,MRK,quantile_regression,sentiment,81.16999816894531,80.61533962145833,0.5546585474869801,0.5546585474869801
2021-10-22 00:00:00+00:00,MRK,quantile_regression,sentiment,81.1500015258789,80.95751003295811,0.19249149292079437,0.19249149292079437
2021-10-25 00:00:00+00:00,MRK,quantile_regression,sentiment,81.66000366210938,80.8469892699297,0.8130143921796815,0.8130143921796815
2021-10-26 00:00:00+00:00,MRK,quantile_regression,sentiment,82.25,81.42736802049888,0.822631979501125,0.822631979501125
2021-10-27 00:00:00+00:00,MRK,quantile_regression,sentiment,81.54000091552734,81.68631720193638,-0.14631628640903216,0.14631628640903216
2021-10-28 00:00:00+00:00,MRK,quantile_regression,sentiment,86.55000305175781,81.11878146583587,5.431221585921946,5.431221585921946
2021-10-29 00:00:00+00:00,MRK,quantile_regression,sentiment,88.05000305175781,86.08815454136784,1.96184851038997,1.96184851038997
2021-11-01 00:00:00+00:00,MRK,quantile_regression,sentiment,87.83999633789062,87.35533476644873,0.48466157144189026,0.48466157144189026
2021-11-02 00:00:00+00:00,MRK,quantile_regression,sentiment,89.0199966430664,87.3108513971601,1.7091452459062992,1.7091452459062992
2021-11-03 00:00:00+00:00,MRK,quantile_regression,sentiment,88.68000030517578,88.67706588899935,0.002934416176429977,0.002934416176429977
2021-11-04 00:00:00+00:00,MRK,quantile_regression,sentiment,90.54000091552734,88.18315995811069,2.356840957416651,2.356840957416651
2021-11-05 00:00:00+00:00,MRK,quantile_regression,sentiment,81.61000061035156,89.82987571914319,-8.219875108791626,8.219875108791626
2021-11-08 00:00:00+00:00,MRK,quantile_regression,sentiment,82.68000030517578,81.43111596467588,1.2488843404998988,1.2488843404998988
2021-11-09 00:00:00+00:00,MRK,quantile_regression,sentiment,82.72000122070312,82.50391456728391,0.21608665341921096,0.21608665341921096
2021-11-10 00:00:00+00:00,MRK,quantile_regression,sentiment,84.01000213623047,82.28083256060549,1.7291695756249794,1.7291695756249794
2021-11-11 00:00:00+00:00,MRK,quantile_regression,sentiment,84.0199966430664,83.60502155585075,0.4149750872156517,0.4149750872156517
2021-11-12 00:00:00+00:00,MRK,quantile_regression,sentiment,84.0,83.71417460970952,0.2858253902904835,0.2858253902904835
2021-11-15 00:00:00+00:00,MRK,quantile_regression,sentiment,83.69000244140625,83.58043336360045,0.10956907780580138,0.10956907780580138
2021-11-16 00:00:00+00:00,MRK,quantile_regression,sentiment,84.11000061035156,83.41179076328149,0.6982098470700748,0.6982098470700748
2021-11-17 00:00:00+00:00,MRK,quantile_regression,sentiment,82.5999984741211,84.05753600569611,-1.4575375315750136,1.4575375315750136
2021-11-18 00:00:00+00:00,MRK,quantile_regression,sentiment,83.05000305175781,82.41084314504658,0.6391599067112281,0.6391599067112281
2021-11-19 00:00:00+00:00,MRK,quantile_regression,sentiment,80.69999694824219,82.50052883924096,-1.8005318909987693,1.8005318909987693
2021-11-22 00:00:00+00:00,MRK,quantile_regression,sentiment,81.63999938964844,80.61402139282723,1.0259779968212115,1.0259779968212115
2021-11-23 00:00:00+00:00,MRK,quantile_regression,sentiment,82.80000305175781,81.1311423952647,1.6688606564931092,1.6688606564931092
2021-11-24 00:00:00+00:00,MRK,quantile_regression,sentiment,82.27999877929688,82.23471938023131,0.04527939906556355,0.04527939906556355
2021-11-26 00:00:00+00:00,MRK,quantile_regression,sentiment,79.16000366210938,81.79702005736678,-2.6370163952574046,2.6370163952574046
2021-11-29 00:00:00+00:00,MRK,quantile_regression,sentiment,74.88999938964844,78.8807558747931,-3.990756485144658,3.990756485144658
2021-11-30 00:00:00+00:00,MRK,quantile_regression,sentiment,74.91000366210938,74.74607067012528,0.1639329919840975,0.1639329919840975
2021-12-01 00:00:00+00:00,MRK,quantile_regression,sentiment,74.44000244140625,75.2168505665758,-0.7768481251695505,0.7768481251695505
2021-12-02 00:00:00+00:00,MRK,quantile_regression,sentiment,73.88999938964844,74.52199717956519,-0.6319977899167526,0.6319977899167526
2021-12-03 00:00:00+00:00,MRK,quantile_regression,sentiment,73.33999633789062,73.96056431152711,-0.6205679736364829,0.6205679736364829
2021-12-06 00:00:00+00:00,MRK,quantile_regression,sentiment,73.41999816894531,73.44336502650722,-0.023366857561910592,0.023366857561910592
2021-12-07 00:00:00+00:00,MRK,quantile_regression,sentiment,72.27999877929688,73.32529777497115,-1.0452989956742726,1.0452989956742726
2021-12-08 00:00:00+00:00,MRK,quantile_regression,sentiment,73.20999908447266,71.88442632647784,1.32557275799482,1.32557275799482
2021-12-09 00:00:00+00:00,MRK,quantile_regression,sentiment,72.86000061035156,73.22706094355235,-0.3670603332007829,0.3670603332007829
2021-12-10 00:00:00+00:00,MRK,quantile_regression,sentiment,72.62000274658203,72.66560535208444,-0.04560260550240969,0.04560260550240969
2021-12-13 00:00:00+00:00,MRK,quantile_regression,sentiment,73.41999816894531,72.61669002754748,0.8033081413978351,0.8033081413978351
2021-12-14 00:00:00+00:00,MRK,quantile_regression,sentiment,73.72000122070312,73.2225707931322,0.4974304275709187,0.4974304275709187
2021-12-15 00:00:00+00:00,MRK,quantile_regression,sentiment,75.29000091552734,73.64347616631758,1.6465247492097603,1.6465247492097603
2021-12-16 00:00:00+00:00,MRK,quantile_regression,sentiment,75.91000366210938,74.9180722000036,0.991931462105768,0.991931462105768
2021-12-17 00:00:00+00:00,MRK,quantile_regression,sentiment,75.69000244140625,75.76056489591063,-0.07056245450438325,0.07056245450438325
2021-12-20 00:00:00+00:00,MRK,quantile_regression,sentiment,76.41000366210938,75.58893028680593,0.8210733753034418,0.8210733753034418
2021-12-21 00:00:00+00:00,MRK,quantile_regression,sentiment,75.54000091552734,76.1753320393369,-0.63533112380955,0.63533112380955
2021-12-22 00:00:00+00:00,MRK,quantile_regression,sentiment,76.16000366210938,75.27515154361896,0.8848521184904143,0.8848521184904143
2021-12-23 00:00:00+00:00,MRK,quantile_regression,sentiment,75.7300033569336,75.92804573699732,-0.19804238006372543,0.19804238006372543
2021-12-27 00:00:00+00:00,MRK,quantile_regression,sentiment,76.56999969482422,75.42140595740983,1.1485937374143873,1.1485937374143873
2021-12-28 00:00:00+00:00,MRK,quantile_regression,sentiment,76.80999755859375,76.26403890224496,0.5459586563487875,0.5459586563487875
2021-12-29 00:00:00+00:00,MRK,quantile_regression,sentiment,76.94999694824219,76.63944017428535,0.3105567739568329,0.3105567739568329
2021-12-30 00:00:00+00:00,MRK,quantile_regression,sentiment,77.13999938964844,76.77600832169162,0.36399106795681746,0.36399106795681746
2021-12-31 00:00:00+00:00,MRK,quantile_regression,sentiment,76.63999938964844,76.82055393338239,-0.18055454373394753,0.18055454373394753
2022-01-03 00:00:00+00:00,MRK,quantile_regression,sentiment,76.87000274658203,76.61144728459772,0.2585554619843151,0.2585554619843151
2022-01-04 00:00:00+00:00,MRK,quantile_regression,sentiment,77.01000213623047,76.76961102491778,0.24039111131268953,0.24039111131268953
2022-01-05 00:00:00+00:00,MRK,quantile_regression,sentiment,78.87999725341797,76.84533170553698,2.0346655478809907,2.0346655478809907
2022-01-06 00:00:00+00:00,MRK,quantile_regression,sentiment,78.83000183105469,78.69978226406813,0.13021956698655401,0.13021956698655401
2022-01-07 00:00:00+00:00,MRK,quantile_regression,sentiment,80.30000305175781,78.55052577970322,1.749477272054591,1.749477272054591
2022-01-10 00:00:00+00:00,MRK,quantile_regression,sentiment,82.37000274658203,80.02668718787996,2.3433155587020735,2.3433155587020735
2022-01-11 00:00:00+00:00,MRK,quantile_regression,sentiment,81.66999816894531,82.09187379881162,-0.42187562986630667,0.42187562986630667
2022-01-12 00:00:00+00:00,MRK,quantile_regression,sentiment,81.19999694824219,81.48634981016555,-0.28635286192336196,0.28635286192336196
2022-01-13 00:00:00+00:00,MRK,quantile_regression,sentiment,81.31999969482422,80.82309456682236,0.49690512800185616,0.49690512800185616
2022-01-14 00:00:00+00:00,MRK,quantile_regression,sentiment,81.37999725341797,81.22921936552649,0.15077788789147917,0.15077788789147917
2022-01-18 00:00:00+00:00,MRK,quantile_regression,sentiment,81.54000091552734,81.15723051001135,0.3827704055159984,0.3827704055159984
2022-01-19 00:00:00+00:00,MRK,quantile_regression,sentiment,81.29000091552734,81.25585736040841,0.034143555118930635,0.034143555118930635
2022-01-20 00:00:00+00:00,MRK,quantile_regression,sentiment,80.75,80.91511937571565,-0.16511937571564772,0.16511937571564772
2022-01-21 00:00:00+00:00,MRK,quantile_regression,sentiment,79.9800033569336,80.72914611001855,-0.7491427530849535,0.7491427530849535
2022-01-24 00:00:00+00:00,MRK,quantile_regression,sentiment,78.83000183105469,79.68690328834342,-0.8569014572887284,0.8569014572887284
2022-01-25 00:00:00+00:00,MRK,quantile_regression,sentiment,79.45999908447266,78.7229369236523,0.7370621608203578,0.7370621608203578
2022-01-26 00:00:00+00:00,MRK,quantile_regression,sentiment,79.13999938964844,79.23476080248166,-0.09476141283322193,0.09476141283322193
2022-01-27 00:00:00+00:00,MRK,quantile_regression,sentiment,80.58000183105469,79.03937765316995,1.5406241778847374,1.5406241778847374
2022-01-28 00:00:00+00:00,MRK,quantile_regression,sentiment,80.9000015258789,80.46960824498049,0.43039328089841433,0.43039328089841433
2022-01-31 00:00:00+00:00,MRK,quantile_regression,sentiment,81.4800033569336,80.74349819940718,0.736505157526409,0.736505157526409
2022-02-01 00:00:00+00:00,MRK,quantile_regression,sentiment,81.91999816894531,81.40044726949958,0.5195508994457327,0.5195508994457327
2022-02-02 00:00:00+00:00,MRK,quantile_regression,sentiment,82.01000213623047,81.72614394350745,0.2838581927230166,0.2838581927230166
2022-02-03 00:00:00+00:00,MRK,quantile_regression,sentiment,79.01000213623047,81.64098720680178,-2.630985070571313,2.630985070571313
2022-02-04 00:00:00+00:00,MRK,quantile_regression,sentiment,78.55999755859375,78.96622569953864,-0.40622814094489,0.40622814094489
2022-02-07 00:00:00+00:00,MRK,quantile_regression,sentiment,77.58000183105469,78.41111306229345,-0.831111231238765,0.831111231238765
2022-02-08 00:00:00+00:00,MRK,quantile_regression,sentiment,76.91000366210938,77.56621344783703,-0.6562097857276541,0.6562097857276541
2022-02-09 00:00:00+00:00,MRK,quantile_regression,sentiment,76.52999877929688,76.70934586095916,-0.17934708166228575,0.17934708166228575
2022-02-10 00:00:00+00:00,MRK,quantile_regression,sentiment,76.55999755859375,76.34365426919781,0.21634328939593672,0.21634328939593672
2022-02-11 00:00:00+00:00,MRK,quantile_regression,sentiment,76.63999938964844,76.5169436984555,0.12305569119293125,0.12305569119293125
2022-02-14 00:00:00+00:00,MRK,quantile_regression,sentiment,76.47000122070312,76.60603825212422,-0.1360370314210968,0.1360370314210968
2022-02-15 00:00:00+00:00,MRK,quantile_regression,sentiment,77.80999755859375,76.3980847106964,1.411912847897355,1.411912847897355
2022-02-16 00:00:00+00:00,MRK,quantile_regression,sentiment,77.22000122070312,77.46348832277027,-0.2434871020671494,0.2434871020671494
2022-02-17 00:00:00+00:00,MRK,quantile_regression,sentiment,76.36000061035156,77.08398648024173,-0.7239858698901713,0.7239858698901713
2022-02-18 00:00:00+00:00,MRK,quantile_regression,sentiment,76.37000274658203,76.12747095868173,0.2425317879003046,0.2425317879003046
2022-02-22 00:00:00+00:00,MRK,quantile_regression,sentiment,75.94999694824219,76.18786185303836,-0.23786490479616873,0.23786490479616873
2022-02-23 00:00:00+00:00,MRK,quantile_regression,sentiment,75.83999633789062,75.8234665089629,0.01652982892773025,0.01652982892773025
2022-02-24 00:00:00+00:00,MRK,quantile_regression,sentiment,73.51000213623047,75.40728845208042,-1.8972863158499536,1.8972863158499536
2022-02-25 00:00:00+00:00,MRK,quantile_regression,sentiment,76.31999969482422,73.38973956158495,2.9302601332392726,2.9302601332392726
2022-02-28 00:00:00+00:00,MRK,quantile_regression,sentiment,76.58000183105469,76.12707457203055,0.4529272590241362,0.4529272590241362
2022-03-01 00:00:00+00:00,MRK,quantile_regression,sentiment,76.33999633789062,76.29558609561195,0.04441024227867274,0.04441024227867274
2022-03-02 00:00:00+00:00,MRK,quantile_regression,sentiment,76.66999816894531,76.1885799443165,0.48141822462881123,0.48141822462881123
2022-03-03 00:00:00+00:00,MRK,quantile_regression,sentiment,77.1500015258789,76.42030584907769,0.7296956768012137,0.7296956768012137
2022-03-04 00:00:00+00:00,MRK,quantile_regression,sentiment,77.83000183105469,76.76605580652895,1.063946024525734,1.063946024525734
2022-03-07 00:00:00+00:00,MRK,quantile_regression,sentiment,77.7300033569336,77.29445310654442,0.43555025038916995,0.43555025038916995
2022-03-08 00:00:00+00:00,MRK,quantile_regression,sentiment,76.94999694824219,77.4424934311577,-0.49249648291551296,0.49249648291551296
2022-03-09 00:00:00+00:00,MRK,quantile_regression,sentiment,77.79000091552734,76.644819051421,1.1451818641063483,1.1451818641063483
2022-03-10 00:00:00+00:00,MRK,quantile_regression,sentiment,77.88999938964844,77.57466288230111,0.3153365073473253,0.3153365073473253
2022-03-11 00:00:00+00:00,MRK,quantile_regression,sentiment,78.26000213623047,77.6720925469795,0.5879095892509696,0.5879095892509696
2022-03-14 00:00:00+00:00,MRK,quantile_regression,sentiment,77.77999877929688,78.06330541142964,-0.2833066321327635,0.2833066321327635
2022-03-15 00:00:00+00:00,MRK,quantile_regression,sentiment,78.63999938964844,77.50380846211327,1.1361909275351678,1.1361909275351678
2022-03-16 00:00:00+00:00,MRK,quantile_regression,sentiment,78.12000274658203,78.25493821541099,-0.13493546882895657,0.13493546882895657
2022-03-17 00:00:00+00:00,MRK,quantile_regression,sentiment,78.94000244140625,78.05555996047727,0.8844424809289819,0.8844424809289819
2022-03-18 00:00:00+00:00,MRK,quantile_regression,sentiment,79.11000061035156,78.63304718086385,0.4769534294877076,0.4769534294877076
2022-03-21 00:00:00+00:00,MRK,quantile_regression,sentiment,79.05999755859375,78.90242903703871,0.1575685215550351,0.1575685215550351
2022-03-22 00:00:00+00:00,MRK,quantile_regression,sentiment,79.30000305175781,78.77409651546188,0.5259065362959348,0.5259065362959348
2022-03-23 00:00:00+00:00,MRK,quantile_regression,sentiment,79.7300033569336,79.05348015677839,0.6765232001552022,0.6765232001552022
2022-03-24 00:00:00+00:00,MRK,quantile_regression,sentiment,80.41000366210938,79.39288393277835,1.0171197293310286,1.0171197293310286
2022-03-25 00:00:00+00:00,MRK,quantile_regression,sentiment,81.33999633789062,80.21026601230986,1.1297303255807662,1.1297303255807662
2022-03-28 00:00:00+00:00,MRK,quantile_regression,sentiment,81.20999908447266,80.98314805360808,0.22685103086458014,0.22685103086458014
2022-03-29 00:00:00+00:00,MRK,quantile_regression,sentiment,81.56999969482422,80.847469480729,0.7225302140952152,0.7225302140952152
2022-03-30 00:00:00+00:00,MRK,quantile_regression,sentiment,82.4000015258789,81.38881711567261,1.0111844102062975,1.0111844102062975
2022-03-31 00:00:00+00:00,MRK,quantile_regression,sentiment,82.05000305175781,82.09613083127982,-0.04612777952200986,0.04612777952200986
2022-04-01 00:00:00+00:00,MRK,quantile_regression,sentiment,83.5199966430664,81.75794763856894,1.7620490044974702,1.7620490044974702
2022-04-04 00:00:00+00:00,MRK,quantile_regression,sentiment,83.48999786376953,83.20497364830098,0.28502421546855317,0.28502421546855317
2022-04-05 00:00:00+00:00,MRK,quantile_regression,sentiment,83.72000122070312,83.13970611168651,0.5802951090166175,0.5802951090166175
2022-04-06 00:00:00+00:00,MRK,quantile_regression,sentiment,84.97000122070312,83.48052692334205,1.4894742973610704,1.4894742973610704
2022-04-07 00:00:00+00:00,MRK,quantile_regression,sentiment,86.80000305175781,84.62553239796297,2.1744706537948417,2.1744706537948417
2022-04-08 00:00:00+00:00,MRK,quantile_regression,sentiment,87.68000030517578,86.25080210398437,1.4291982011914115,1.4291982011914115
2022-04-11 00:00:00+00:00,MRK,quantile_regression,sentiment,86.62999725341797,87.08484811298592,-0.454850859567955,0.454850859567955
2022-04-12 00:00:00+00:00,MRK,quantile_regression,sentiment,85.62999725341797,86.29952948842238,-0.6695322350044108,0.6695322350044108
2022-04-13 00:00:00+00:00,MRK,quantile_regression,sentiment,86.12999725341797,85.45862838064511,0.6713688727728595,0.6713688727728595
2022-04-14 00:00:00+00:00,MRK,quantile_regression,sentiment,86.91000366210938,85.721205151146,1.1887985109633803,1.1887985109633803
2022-04-18 00:00:00+00:00,MRK,quantile_regression,sentiment,86.06999969482422,86.38828560697453,-0.31828591215031565,0.31828591215031565
2022-04-19 00:00:00+00:00,MRK,quantile_regression,sentiment,85.79000091552734,85.55751416877867,0.23248674674867686,0.23248674674867686
2022-04-20 00:00:00+00:00,MRK,quantile_regression,sentiment,86.45999908447266,85.42241783046839,1.037581254004266,1.037581254004266
2022-04-21 00:00:00+00:00,MRK,quantile_regression,sentiment,86.2300033569336,86.02991608516706,0.2000872717665345,0.2000872717665345
2022-04-22 00:00:00+00:00,MRK,quantile_regression,sentiment,84.58999633789062,85.97442987444838,-1.3844335365577507,1.3844335365577507
2022-04-25 00:00:00+00:00,MRK,quantile_regression,sentiment,85.44000244140625,84.3070801456227,1.132922295783544,1.132922295783544
2022-04-26 00:00:00+00:00,MRK,quantile_regression,sentiment,84.4800033569336,85.01492905220795,-0.5349256952743531,0.5349256952743531
2022-04-27 00:00:00+00:00,MRK,quantile_regression,sentiment,84.41000366210938,84.24585264694224,0.16415101516713548,0.16415101516713548
2022-04-28 00:00:00+00:00,MRK,quantile_regression,sentiment,88.58000183105469,84.1905647259145,4.389437105140189,4.389437105140189
2022-04-29 00:00:00+00:00,MRK,quantile_regression,sentiment,88.69000244140625,87.91698720627289,0.7730152351333572,0.7730152351333572
2022-05-02 00:00:00+00:00,MRK,quantile_regression,sentiment,87.6500015258789,88.32820029951208,-0.67819877363317,0.67819877363317
2022-05-03 00:00:00+00:00,MRK,quantile_regression,sentiment,87.0999984741211,87.20297573853523,-0.10297726441413602,0.10297726441413602
2022-05-04 00:00:00+00:00,MRK,quantile_regression,sentiment,88.5199966430664,86.6482199755598,1.8717766675066088,1.8717766675066088
2022-05-05 00:00:00+00:00,MRK,quantile_regression,sentiment,88.01000213623047,87.8500619106275,0.15994022560296628,0.15994022560296628
2022-05-06 00:00:00+00:00,MRK,quantile_regression,sentiment,88.38999938964844,87.51966821087238,0.8703311787760555,0.8703311787760555
2022-05-09 00:00:00+00:00,MRK,quantile_regression,sentiment,87.63999938964844,87.98033881560823,-0.3403394259597974,0.3403394259597974
2022-05-10 00:00:00+00:00,MRK,quantile_regression,sentiment,87.80999755859375,87.44236610792916,0.36763145066458947,0.36763145066458947
2022-05-11 00:00:00+00:00,MRK,quantile_regression,sentiment,89.19000244140625,87.37542303645768,1.8145794049485744,1.8145794049485744
2022-05-12 00:00:00+00:00,MRK,quantile_regression,sentiment,90.83000183105467,88.50903065069267,2.320971180362008,2.320971180362008
2022-05-13 00:00:00+00:00,MRK,quantile_regression,sentiment,90.41000366210938,89.925221820341,0.4847818417683811,0.4847818417683811
2022-05-16 00:00:00+00:00,MRK,quantile_regression,sentiment,92.31999969482422,89.85136338162225,2.4686363132019693,2.4686363132019693
2022-05-17 00:00:00+00:00,MRK,quantile_regression,sentiment,93.0,91.71349389710178,1.2865061028982154,1.2865061028982154
2022-05-18 00:00:00+00:00,MRK,quantile_regression,sentiment,92.0999984741211,92.35822835828714,-0.25822988416604176,0.25822988416604176
2022-05-19 00:00:00+00:00,MRK,quantile_regression,sentiment,92.08999633789062,91.5906153374751,0.499381000415525,0.499381000415525
2022-05-20 00:00:00+00:00,MRK,quantile_regression,sentiment,93.5500030517578,91.4727459562252,2.0772570955326017,2.0772570955326017
2022-05-23 00:00:00+00:00,MRK,quantile_regression,sentiment,93.83000183105467,92.87937752049814,0.9506243105565346,0.9506243105565346
2022-05-24 00:00:00+00:00,MRK,quantile_regression,sentiment,94.63999938964844,93.16377116092696,1.4762282287214816,1.4762282287214816
2022-05-25 00:00:00+00:00,MRK,quantile_regression,sentiment,93.75,93.93629513579813,-0.18629513579813306,0.18629513579813306
2022-05-26 00:00:00+00:00,MRK,quantile_regression,sentiment,92.30999755859376,93.19195099035878,-0.8819534317650124,0.8819534317650124
2022-05-27 00:00:00+00:00,MRK,quantile_regression,sentiment,93.08000183105467,91.77994554060112,1.3000562904535542,1.3000562904535542
2022-05-31 00:00:00+00:00,MRK,quantile_regression,sentiment,92.02999877929688,92.36356060332419,-0.3335618240273135,0.3335618240273135
2022-06-01 00:00:00+00:00,MRK,quantile_regression,sentiment,91.13999938964844,91.49015916389004,-0.3501597742416038,0.3501597742416038
2022-06-02 00:00:00+00:00,MRK,quantile_regression,sentiment,90.0,90.83924324103569,-0.8392432410356889,0.8392432410356889
2022-06-03 00:00:00+00:00,MRK,quantile_regression,sentiment,89.91000366210938,89.70099677488386,0.20900688722551308,0.20900688722551308
2022-06-06 00:00:00+00:00,MRK,quantile_regression,sentiment,89.83999633789062,89.57965698932492,0.26033934856570795,0.26033934856570795
2022-06-07 00:00:00+00:00,MRK,quantile_regression,sentiment,90.4800033569336,89.46203281160186,1.0179705453317354,1.0179705453317354
2022-06-08 00:00:00+00:00,MRK,quantile_regression,sentiment,89.4800033569336,90.17864626308635,-0.6986429061527559,0.6986429061527559
2022-06-09 00:00:00+00:00,MRK,quantile_regression,sentiment,88.0,89.24305295764404,-1.2430529576440392,1.2430529576440392
2022-06-10 00:00:00+00:00,MRK,quantile_regression,sentiment,87.18000030517578,87.81718585435394,-0.637185549178156,0.637185549178156
2022-06-13 00:00:00+00:00,MRK,quantile_regression,sentiment,85.0,86.83851000663401,-1.83851000663401,1.83851000663401
2022-06-14 00:00:00+00:00,MRK,quantile_regression,sentiment,84.5,85.03925161799401,-0.5392516179940117,0.5392516179940117
2022-06-15 00:00:00+00:00,MRK,quantile_regression,sentiment,84.62999725341797,84.35698936930328,0.27300788411469057,0.27300788411469057
2022-06-16 00:00:00+00:00,MRK,quantile_regression,sentiment,84.88999938964844,84.50812100281115,0.38187838683728614,0.38187838683728614
2022-06-17 00:00:00+00:00,MRK,quantile_regression,sentiment,84.62000274658203,84.6655880626966,-0.045585316114568286,0.045585316114568286
2022-06-21 00:00:00+00:00,MRK,quantile_regression,sentiment,88.02999877929688,84.50715824008535,3.522840539211529,3.522840539211529
2022-06-22 00:00:00+00:00,MRK,quantile_regression,sentiment,89.16000366210938,87.52314488859466,1.6368587735147173,1.6368587735147173
2022-06-23 00:00:00+00:00,MRK,quantile_regression,sentiment,92.0,88.72537407381935,3.274625926180647,3.274625926180647
2022-06-24 00:00:00+00:00,MRK,quantile_regression,sentiment,93.12999725341795,91.28945113161097,1.8405461218069803,1.8405461218069803
2022-06-27 00:00:00+00:00,MRK,quantile_regression,sentiment,94.41000366210938,92.28338199383313,2.1266216682762433,2.1266216682762433
2022-06-28 00:00:00+00:00,MRK,quantile_regression,sentiment,91.88999938964844,93.60848669371244,-1.7184873040639985,1.7184873040639985
2022-06-29 00:00:00+00:00,MRK,quantile_regression,sentiment,92.51000213623048,91.539894391098,0.9701077451324807,0.9701077451324807
2022-06-30 00:00:00+00:00,MRK,quantile_regression,sentiment,91.16999816894533,92.15911006439464,-0.9891118954493123,0.9891118954493123
2022-07-01 00:00:00+00:00,MRK,quantile_regression,sentiment,92.41999816894533,90.54228937691983,1.8777087920255013,1.8777087920255013
2022-07-05 00:00:00+00:00,MRK,quantile_regression,sentiment,92.63999938964844,91.84353882233496,0.7964605673134741,0.7964605673134741
2022-07-06 00:00:00+00:00,MRK,quantile_regression,sentiment,93.12999725341795,92.04394942442852,1.086047828989436,1.086047828989436
2022-07-07 00:00:00+00:00,MRK,quantile_regression,sentiment,93.01000213623048,92.72470860238445,0.28529353384602985,0.28529353384602985
2022-07-08 00:00:00+00:00,MRK,quantile_regression,sentiment,92.77999877929688,92.48586983017739,0.2941289491194823,0.2941289491194823
2022-07-11 00:00:00+00:00,MRK,quantile_regression,sentiment,94.3000030517578,92.37860238885446,1.9214006629033378,1.9214006629033378
2022-07-12 00:00:00+00:00,MRK,quantile_regression,sentiment,93.5999984741211,93.6181730161348,-0.018174542013710493,0.018174542013710493
2022-07-13 00:00:00+00:00,MRK,quantile_regression,sentiment,93.7699966430664,93.30189276665011,0.4681038764162935,0.4681038764162935
2022-07-14 00:00:00+00:00,MRK,quantile_regression,sentiment,93.87999725341795,93.37756433287859,0.5024329205393627,0.5024329205393627
2022-07-15 00:00:00+00:00,MRK,quantile_regression,sentiment,94.95999908447266,93.28343600049354,1.6765630839791186,1.6765630839791186
2022-07-18 00:00:00+00:00,MRK,quantile_regression,sentiment,92.33999633789062,94.3172711793232,-1.9772748414325747,1.9772748414325747
2022-07-19 00:00:00+00:00,MRK,quantile_regression,sentiment,92.36000061035156,92.21404911288289,0.14595149746867264,0.14595149746867264
2022-07-20 00:00:00+00:00,MRK,quantile_regression,sentiment,89.6500015258789,92.07150506795702,-2.4215035420781135,2.4215035420781135
2022-07-21 00:00:00+00:00,MRK,quantile_regression,sentiment,90.13999938964844,89.3877732604132,0.7522261292352397,0.7522261292352397
2022-07-22 00:00:00+00:00,MRK,quantile_regression,sentiment,90.11000061035156,89.89097170565282,0.21902890469874592,0.21902890469874592
2022-07-25 00:00:00+00:00,MRK,quantile_regression,sentiment,90.52999877929688,89.93827098022344,0.5917277990734391,0.5917277990734391
2022-07-26 00:00:00+00:00,MRK,quantile_regression,sentiment,91.29000091552734,90.25464802881083,1.0353528867165096,1.0353528867165096
2022-07-27 00:00:00+00:00,MRK,quantile_regression,sentiment,91.2300033569336,91.15745741571631,0.0725459412172853,0.0725459412172853
2022-07-28 00:00:00+00:00,MRK,quantile_regression,sentiment,89.94000244140625,90.96217364212751,-1.0221712007212602,1.0221712007212602
2022-07-29 00:00:00+00:00,MRK,quantile_regression,sentiment,89.33999633789062,89.57378204808708,-0.23378571019645733,0.23378571019645733
2022-08-01 00:00:00+00:00,MRK,quantile_regression,sentiment,88.52999877929688,89.18228610995493,-0.652287330658055,0.652287330658055
2022-08-02 00:00:00+00:00,MRK,quantile_regression,sentiment,87.61000061035156,88.47378981371372,-0.8637892033621597,0.8637892033621597
2022-08-03 00:00:00+00:00,MRK,quantile_regression,sentiment,87.62000274658203,87.53463143077332,0.0853713158087146,0.0853713158087146
2022-08-04 00:00:00+00:00,MRK,quantile_regression,sentiment,86.81999969482422,87.38441983249257,-0.5644201376683498,0.5644201376683498
2022-08-05 00:00:00+00:00,MRK,quantile_regression,sentiment,87.41000366210938,86.84284548964737,0.5671581724620012,0.5671581724620012
2022-08-08 00:00:00+00:00,MRK,quantile_regression,sentiment,88.48999786376953,87.11539637538326,1.3746014883862756,1.3746014883862756
2022-08-09 00:00:00+00:00,MRK,quantile_regression,sentiment,89.5199966430664,88.38701055126171,1.1329860918046961,1.1329860918046961
2022-08-10 00:00:00+00:00,MRK,quantile_regression,sentiment,89.19000244140625,89.0645312815217,0.1254711598845546,0.1254711598845546
2022-08-11 00:00:00+00:00,MRK,quantile_regression,sentiment,88.93000030517578,88.95432641117611,-0.024326106000330583,0.024326106000330583
2022-08-12 00:00:00+00:00,MRK,quantile_regression,sentiment,91.0199966430664,88.54721735081266,2.4727792922537475,2.4727792922537475
2022-08-15 00:00:00+00:00,MRK,quantile_regression,sentiment,90.5999984741211,90.57985010230536,0.020148371815736255,0.020148371815736255
2022-08-16 00:00:00+00:00,MRK,quantile_regression,sentiment,90.58999633789062,90.16824899827009,0.4217473396205378,0.4217473396205378
2022-08-17 00:00:00+00:00,MRK,quantile_regression,sentiment,91.04000091552734,90.13512721197716,0.9048737035501802,0.9048737035501802
2022-08-18 00:00:00+00:00,MRK,quantile_regression,sentiment,91.4000015258789,90.610822907227,0.7891786186519028,0.7891786186519028
2022-08-19 00:00:00+00:00,MRK,quantile_regression,sentiment,92.08000183105467,91.01465802555545,1.065343805499225,1.065343805499225
2022-08-22 00:00:00+00:00,MRK,quantile_regression,sentiment,91.16000366210938,91.59193174906096,-0.43192808695158647,0.43192808695158647
2022-08-23 00:00:00+00:00,MRK,quantile_regression,sentiment,90.1999969482422,90.7660521763072,-0.5660552280649966,0.5660552280649966
2022-08-24 00:00:00+00:00,MRK,quantile_regression,sentiment,90.01000213623047,89.95074410612324,0.0592580301072303,0.0592580301072303
2022-08-25 00:00:00+00:00,MRK,quantile_regression,sentiment,90.2699966430664,89.51909151240301,0.7509051306633978,0.7509051306633978
2022-08-26 00:00:00+00:00,MRK,quantile_regression,sentiment,89.26000213623047,89.95157931908449,-0.6915771828540187,0.6915771828540187
2022-08-29 00:00:00+00:00,MRK,quantile_regression,sentiment,87.58999633789062,88.82726876632918,-1.2372724284385583,1.2372724284385583
2022-08-30 00:00:00+00:00,MRK,quantile_regression,sentiment,86.87999725341797,87.22212432123729,-0.34212706781931956,0.34212706781931956
2022-08-31 00:00:00+00:00,MRK,quantile_regression,sentiment,85.36000061035156,86.7759077086304,-1.4159070982788364,1.4159070982788364
2022-09-01 00:00:00+00:00,MRK,quantile_regression,sentiment,87.1500015258789,85.38685622733308,1.7631452985458225,1.7631452985458225
2022-09-02 00:00:00+00:00,MRK,quantile_regression,sentiment,86.2300033569336,86.94626403526172,-0.7162606783281262,0.7162606783281262
2022-09-06 00:00:00+00:00,MRK,quantile_regression,sentiment,86.41999816894531,86.2160938799712,0.2039042889741154,0.2039042889741154
2022-09-07 00:00:00+00:00,MRK,quantile_regression,sentiment,86.87000274658203,86.2158978394346,0.6541049071474276,0.6541049071474276
2022-09-08 00:00:00+00:00,MRK,quantile_regression,sentiment,87.41999816894531,86.58818839549613,0.8318097734491801,0.8318097734491801
2022-09-09 00:00:00+00:00,MRK,quantile_regression,sentiment,87.33999633789062,87.17982813960751,0.16016819828311668,0.16016819828311668
2022-09-12 00:00:00+00:00,MRK,quantile_regression,sentiment,88.16000366210938,87.18941256232758,0.9705910997817995,0.9705910997817995
2022-09-13 00:00:00+00:00,MRK,quantile_regression,sentiment,86.27999877929688,87.83180838616609,-1.551809606869213,1.551809606869213
2022-09-14 00:00:00+00:00,MRK,quantile_regression,sentiment,86.94999694824219,86.1111485511572,0.8388483970849876,0.8388483970849876
2022-09-15 00:00:00+00:00,MRK,quantile_regression,sentiment,86.75,86.64377849846448,0.10622150153551502,0.10622150153551502
2022-09-16 00:00:00+00:00,MRK,quantile_regression,sentiment,87.72000122070312,86.62266763058668,1.097333590116449,1.097333590116449
2022-09-19 00:00:00+00:00,MRK,quantile_regression,sentiment,86.63999938964844,87.43287798003813,-0.7928785903896909,0.7928785903896909
2022-09-20 00:00:00+00:00,MRK,quantile_regression,sentiment,86.0,86.49102265658061,-0.4910226565806113,0.4910226565806113
2022-09-21 00:00:00+00:00,MRK,quantile_regression,sentiment,84.52999877929688,85.80737165580864,-1.2773728765117625,1.2773728765117625
2022-09-22 00:00:00+00:00,MRK,quantile_regression,sentiment,87.51000213623047,84.4326287895889,3.077373346641565,3.077373346641565
2022-09-23 00:00:00+00:00,MRK,quantile_regression,sentiment,86.77999877929688,87.12755326791182,-0.3475544886149464,0.3475544886149464
2022-09-26 00:00:00+00:00,MRK,quantile_regression,sentiment,86.18000030517578,86.52896284512843,-0.3489625399526517,0.3489625399526517
2022-09-27 00:00:00+00:00,MRK,quantile_regression,sentiment,85.83999633789062,85.92124588345872,-0.08124954556809882,0.08124954556809882
2022-09-28 00:00:00+00:00,MRK,quantile_regression,sentiment,86.77999877929688,85.8196393864781,0.9603593928187735,0.9603593928187735
2022-09-29 00:00:00+00:00,MRK,quantile_regression,sentiment,86.63999938964844,86.58922859248179,0.05077079716664912,0.05077079716664912
2022-09-30 00:00:00+00:00,MRK,quantile_regression,sentiment,86.12000274658203,86.36742598410156,-0.2474232375195271,0.2474232375195271
2022-10-03 00:00:00+00:00,MRK,quantile_regression,sentiment,87.55000305175781,85.86967044048481,1.680332611273002,1.680332611273002
2022-10-04 00:00:00+00:00,MRK,quantile_regression,sentiment,88.38999938964844,87.22153877906328,1.1684606105851572,1.1684606105851572
2022-10-05 00:00:00+00:00,MRK,quantile_regression,sentiment,88.38999938964844,88.14029910999399,0.24970027965444785,0.24970027965444785
2022-10-06 00:00:00+00:00,MRK,quantile_regression,sentiment,87.44000244140625,88.1486576985053,-0.7086552570990534,0.7086552570990534
2022-10-07 00:00:00+00:00,MRK,quantile_regression,sentiment,87.5999984741211,87.14522511892176,0.45477335519933604,0.45477335519933604
2022-10-10 00:00:00+00:00,MRK,quantile_regression,sentiment,90.4800033569336,87.3030721217292,3.1769312352043926,3.1769312352043926
2022-10-11 00:00:00+00:00,MRK,quantile_regression,sentiment,91.0500030517578,90.03168834623517,1.0183147055226272,1.0183147055226272
2022-10-12 00:00:00+00:00,MRK,quantile_regression,sentiment,90.41999816894533,90.59392853844328,-0.1739303694979526,0.1739303694979526
2022-10-13 00:00:00+00:00,MRK,quantile_regression,sentiment,92.48999786376952,90.25298873545236,2.2370091283171547,2.2370091283171547
2022-10-14 00:00:00+00:00,MRK,quantile_regression,sentiment,92.18000030517578,91.78231744939873,0.39768285577704887,0.39768285577704887
2022-10-17 00:00:00+00:00,MRK,quantile_regression,sentiment,94.12000274658205,91.64184586588055,2.4781568807014906,2.4781568807014906
2022-10-18 00:00:00+00:00,MRK,quantile_regression,sentiment,94.61000061035156,93.4405647512491,1.1694358591024638,1.1694358591024638
2022-10-19 00:00:00+00:00,MRK,quantile_regression,sentiment,93.26000213623048,94.06182686731248,-0.801824731081993,0.801824731081993
2022-10-20 00:00:00+00:00,MRK,quantile_regression,sentiment,92.94000244140624,92.93423502308042,0.005767418325817175,0.005767418325817175
2022-10-21 00:00:00+00:00,MRK,quantile_regression,sentiment,95.66999816894533,92.6846094437437,2.9853887252016307,2.9853887252016307
2022-10-24 00:00:00+00:00,MRK,quantile_regression,sentiment,97.37000274658205,94.93662092820144,2.43338181838061,2.43338181838061
2022-10-25 00:00:00+00:00,MRK,quantile_regression,sentiment,97.70999908447266,96.8456987809445,0.8643003035281538,0.8643003035281538
2022-10-26 00:00:00+00:00,MRK,quantile_regression,sentiment,98.41000366210938,97.03362783060027,1.3763758315091081,1.3763758315091081
2022-10-27 00:00:00+00:00,MRK,quantile_regression,sentiment,99.73999786376952,97.74326198043468,1.9967358833348356,1.9967358833348356
2022-10-28 00:00:00+00:00,MRK,quantile_regression,sentiment,100.7699966430664,98.92943126914545,1.8405653739209527,1.8405653739209527
2022-10-31 00:00:00+00:00,MRK,quantile_regression,sentiment,101.1999969482422,100.06014102285849,1.1398559253837135,1.1398559253837135
2022-11-01 00:00:00+00:00,MRK,quantile_regression,sentiment,99.76000213623048,100.4063243693887,-0.6463222331582159,0.6463222331582159
2022-11-02 00:00:00+00:00,MRK,quantile_regression,sentiment,99.4000015258789,99.2713832244178,0.12861830146110265,0.12861830146110265
2022-11-03 00:00:00+00:00,MRK,quantile_regression,sentiment,98.75,98.82968339068609,-0.07968339068608543,0.07968339068608543
2022-11-04 00:00:00+00:00,MRK,quantile_regression,sentiment,99.1999969482422,98.17143540660192,1.0285615416402862,1.0285615416402862
2022-11-07 00:00:00+00:00,MRK,quantile_regression,sentiment,100.06999969482422,98.54230906582947,1.5276906289947476,1.5276906289947476
2022-11-08 00:00:00+00:00,MRK,quantile_regression,sentiment,101.5,99.55194251524796,1.9480574847520415,1.9480574847520415
2022-11-09 00:00:00+00:00,MRK,quantile_regression,sentiment,101.58999633789062,100.75685860627371,0.8331377316169153,0.8331377316169153
2022-11-10 00:00:00+00:00,MRK,quantile_regression,sentiment,101.88999938964844,101.01157941648341,0.8784199731650233,0.8784199731650233
2022-11-11 00:00:00+00:00,MRK,quantile_regression,sentiment,97.95999908447266,101.27711606440253,-3.317116979929878,3.317116979929878
2022-11-14 00:00:00+00:00,MRK,quantile_regression,sentiment,100.3499984741211,97.5785802944122,2.7714181797088884,2.7714181797088884
2022-11-15 00:00:00+00:00,MRK,quantile_regression,sentiment,99.5999984741211,99.73197466560164,-0.13197619148054685,0.13197619148054685
2022-11-16 00:00:00+00:00,MRK,quantile_regression,sentiment,99.93000030517578,99.03332705234854,0.8966732528272416,0.8966732528272416
2022-11-17 00:00:00+00:00,MRK,quantile_regression,sentiment,102.30999755859376,99.43876046221969,2.871237096374074,2.871237096374074
2022-11-18 00:00:00+00:00,MRK,quantile_regression,sentiment,104.2300033569336,101.70296212632654,2.527041230607054,2.527041230607054
2022-11-21 00:00:00+00:00,MRK,quantile_regression,sentiment,105.61000061035156,103.65246216025866,1.9575384500928976,1.9575384500928976
2022-11-22 00:00:00+00:00,MRK,quantile_regression,sentiment,106.9000015258789,104.72391400531559,2.176087520563314,2.176087520563314
2022-11-23 00:00:00+00:00,MRK,quantile_regression,sentiment,106.81999969482422,106.11093699182366,0.709062703000555,0.709062703000555
2022-11-25 00:00:00+00:00,MRK,quantile_regression,sentiment,107.5,105.99393260930093,1.506067390699073,1.506067390699073
2022-11-28 00:00:00+00:00,MRK,quantile_regression,sentiment,108.4499969482422,106.79076136114294,1.6592355870992606,1.6592355870992606
2022-11-29 00:00:00+00:00,MRK,quantile_regression,sentiment,108.83999633789062,107.4341994143638,1.4057969235268217,1.4057969235268217
2022-11-30 00:00:00+00:00,MRK,quantile_regression,sentiment,110.12000274658205,107.97208965315384,2.147913093428201,2.147913093428201
2022-12-01 00:00:00+00:00,MRK,quantile_regression,sentiment,109.8000030517578,109.00415066850726,0.7958523832505335,0.7958523832505335
2022-12-02 00:00:00+00:00,MRK,quantile_regression,sentiment,110.04000091552734,109.02513545290023,1.0148654626271139,1.0148654626271139
2022-12-05 00:00:00+00:00,MRK,quantile_regression,sentiment,110.01000213623048,109.23983730926378,0.7701648269667061,0.7701648269667061
2022-12-06 00:00:00+00:00,MRK,quantile_regression,sentiment,108.93000030517578,109.27664717535615,-0.3466468701803649,0.3466468701803649
2022-12-07 00:00:00+00:00,MRK,quantile_regression,sentiment,110.08999633789062,108.04308178744915,2.046914550441471,2.046914550441471
2022-12-08 00:00:00+00:00,MRK,quantile_regression,sentiment,110.8499984741211,109.20555423543861,1.6444442386824818,1.6444442386824818
2022-12-09 00:00:00+00:00,MRK,quantile_regression,sentiment,108.77999877929688,109.90771586440877,-1.1277170851118967,1.1277170851118967
2022-12-12 00:00:00+00:00,MRK,quantile_regression,sentiment,108.97000122070312,108.17969205434991,0.7903091663532109,0.7903091663532109
2022-12-13 00:00:00+00:00,MRK,quantile_regression,sentiment,110.91000366210938,108.18399267131127,2.726010990798102,2.726010990798102
2022-12-14 00:00:00+00:00,MRK,quantile_regression,sentiment,111.5500030517578,110.05552601953926,1.4944770322185406,1.4944770322185406
2022-12-15 00:00:00+00:00,MRK,quantile_regression,sentiment,109.62999725341795,110.61072165336253,-0.9807243999445774,0.9807243999445774
2022-12-16 00:00:00+00:00,MRK,quantile_regression,sentiment,109.1999969482422,108.8903898607187,0.30960708752350286,0.30960708752350286
2022-12-19 00:00:00+00:00,MRK,quantile_regression,sentiment,109.44000244140624,108.43108486244549,1.008917578960748,1.008917578960748
2022-12-20 00:00:00+00:00,MRK,quantile_regression,sentiment,109.70999908447266,108.53450297017116,1.1754961143014953,1.1754961143014953
2022-12-21 00:00:00+00:00,MRK,quantile_regression,sentiment,111.11000061035156,109.04813254679704,2.0618680635545275,2.0618680635545275
2022-12-22 00:00:00+00:00,MRK,quantile_regression,sentiment,111.23999786376952,110.28320253137439,0.9567953323951315,0.9567953323951315
2022-12-23 00:00:00+00:00,MRK,quantile_regression,sentiment,111.86000061035156,110.4966595430412,1.3633410673103583,1.3633410673103583
2022-12-27 00:00:00+00:00,MRK,quantile_regression,sentiment,112.12000274658205,111.0597145735895,1.0602881729925429,1.0602881729925429
2022-12-28 00:00:00+00:00,MRK,quantile_regression,sentiment,111.08000183105467,111.18098889078256,-0.1009870597278848,0.1009870597278848
2022-12-29 00:00:00+00:00,MRK,quantile_regression,sentiment,110.81999969482422,110.3934982374639,0.42650145736031675,0.42650145736031675
2022-12-30 00:00:00+00:00,MRK,quantile_regression,sentiment,110.9499969482422,110.15771940233066,0.7922775459115456,0.7922775459115456
2023-01-03 00:00:00+00:00,MRK,quantile_regression,sentiment,111.13999938964844,110.2259777462261,0.9140216434223305,0.9140216434223305
2023-01-04 00:00:00+00:00,MRK,quantile_regression,sentiment,112.08000183105467,110.4891772559534,1.59082457510128,1.59082457510128
2023-01-05 00:00:00+00:00,MRK,quantile_regression,sentiment,113.63999938964844,111.41809526985132,2.2219041197971166,2.2219041197971166
2023-01-06 00:00:00+00:00,MRK,quantile_regression,sentiment,114.83999633789062,112.6942093730525,2.1457869648381234,2.1457869648381234
2023-01-09 00:00:00+00:00,MRK,quantile_regression,sentiment,110.37999725341795,113.93533603729577,-3.555338783877815,3.555338783877815
2023-01-10 00:00:00+00:00,MRK,quantile_regression,sentiment,110.80999755859376,109.81704875456568,0.9929488040280887,0.9929488040280887
2023-01-11 00:00:00+00:00,MRK,quantile_regression,sentiment,111.06999969482422,110.13401111961284,0.9359885752113826,0.9359885752113826
2023-01-12 00:00:00+00:00,MRK,quantile_regression,sentiment,111.7699966430664,110.36924356128226,1.4007530817841456,1.4007530817841456
2023-01-13 00:00:00+00:00,MRK,quantile_regression,sentiment,112.25,110.91304700906085,1.336952990939153,1.336952990939153
2023-01-17 00:00:00+00:00,MRK,quantile_regression,sentiment,110.4499969482422,111.43383506303589,-0.9838381147936843,0.9838381147936843
2023-01-18 00:00:00+00:00,MRK,quantile_regression,sentiment,108.79000091552734,109.86469770140668,-1.0746967858793397,1.0746967858793397
2023-01-19 00:00:00+00:00,MRK,quantile_regression,sentiment,109.9000015258789,108.23344802415242,1.666553501726483,1.666553501726483
2023-01-20 00:00:00+00:00,MRK,quantile_regression,sentiment,109.94000244140624,109.25082751975849,0.6891749216477479,0.6891749216477479
2023-01-23 00:00:00+00:00,MRK,quantile_regression,sentiment,109.87999725341795,109.36175093264777,0.5182463207701886,0.5182463207701886
2023-01-24 00:00:00+00:00,MRK,quantile_regression,sentiment,108.5199966430664,109.35328843549823,-0.8332917924318224,0.8332917924318224
2023-01-25 00:00:00+00:00,MRK,quantile_regression,sentiment,108.58999633789062,107.92433937534273,0.6656569625478994,0.6656569625478994
2023-01-26 00:00:00+00:00,MRK,quantile_regression,sentiment,106.87000274658205,107.90400161405017,-1.033998867468128,1.033998867468128
2023-01-27 00:00:00+00:00,MRK,quantile_regression,sentiment,105.37999725341795,106.30325991822814,-0.9232626648101814,0.9232626648101814
2023-01-30 00:00:00+00:00,MRK,quantile_regression,sentiment,106.08999633789062,104.90115463362768,1.1888417042629413,1.1888417042629413
2023-01-31 00:00:00+00:00,MRK,quantile_regression,sentiment,107.41000366210938,105.6208134543862,1.7891902077231805,1.7891902077231805
2023-02-01 00:00:00+00:00,MRK,quantile_regression,sentiment,106.9800033569336,106.81225571981709,0.16774763711650564,0.16774763711650564
2023-02-02 00:00:00+00:00,MRK,quantile_regression,sentiment,103.45999908447266,106.56495124317428,-3.1049521587016216,3.1049521587016216
2023-02-03 00:00:00+00:00,MRK,quantile_regression,sentiment,102.94000244140624,103.01977401399225,-0.07977157258601153,0.07977157258601153
2023-02-06 00:00:00+00:00,MRK,quantile_regression,sentiment,104.02999877929688,102.82902085021485,1.200977929082029,1.200977929082029
2023-02-07 00:00:00+00:00,MRK,quantile_regression,sentiment,105.68000030517578,103.44486609979575,2.235134205380035,2.235134205380035
2023-02-08 00:00:00+00:00,MRK,quantile_regression,sentiment,106.63999938964844,104.93580489963671,1.70419449001173,1.70419449001173
2023-02-09 00:00:00+00:00,MRK,quantile_regression,sentiment,106.72000122070312,105.92192807014179,0.7980731505613363,0.7980731505613363
2023-02-10 00:00:00+00:00,MRK,quantile_regression,sentiment,108.56999969482422,106.12549355042248,2.4445061444017426,2.4445061444017426
2023-02-13 00:00:00+00:00,MRK,quantile_regression,sentiment,109.5500030517578,107.83416314312532,1.715839908632475,1.715839908632475
2023-02-14 00:00:00+00:00,MRK,quantile_regression,sentiment,108.73999786376952,108.95581865640307,-0.2158207926335507,0.2158207926335507
2023-02-15 00:00:00+00:00,MRK,quantile_regression,sentiment,107.68000030517578,108.0709499809586,-0.3909496757828208,0.3909496757828208
2023-02-16 00:00:00+00:00,MRK,quantile_regression,sentiment,106.51000213623048,107.1008784720467,-0.590876335816219,0.590876335816219
2023-02-17 00:00:00+00:00,MRK,quantile_regression,sentiment,109.5199966430664,106.06924389722914,3.4507527458372635,3.4507527458372635
2023-02-21 00:00:00+00:00,MRK,quantile_regression,sentiment,109.06999969482422,108.63066912576275,0.43933056906146817,0.43933056906146817
2023-02-22 00:00:00+00:00,MRK,quantile_regression,sentiment,109.16000366210938,108.26910975280794,0.8908939093014396,0.8908939093014396
2023-02-23 00:00:00+00:00,MRK,quantile_regression,sentiment,110.58999633789062,108.70082471233243,1.8891716255581912,1.8891716255581912
2023-02-24 00:00:00+00:00,MRK,quantile_regression,sentiment,109.88999938964844,109.78403969418598,0.10595969546245954,0.10595969546245954
2023-02-27 00:00:00+00:00,MRK,quantile_regression,sentiment,109.36000061035156,109.33880776169003,0.02119284866152782,0.02119284866152782
2023-02-28 00:00:00+00:00,MRK,quantile_regression,sentiment,106.23999786376952,108.7681052560826,-2.528107392313089,2.528107392313089
2023-03-01 00:00:00+00:00,MRK,quantile_regression,sentiment,106.6500015258789,105.794014857089,0.8559866687899103,0.8559866687899103
2023-03-02 00:00:00+00:00,MRK,quantile_regression,sentiment,107.01000213623048,106.1857623616443,0.8242397745861894,0.8242397745861894
2023-03-03 00:00:00+00:00,MRK,quantile_regression,sentiment,106.87999725341795,106.51862249700271,0.36137475641524475,0.36137475641524475
2023-03-06 00:00:00+00:00,MRK,quantile_regression,sentiment,111.0999984741211,106.37446992722276,4.725528546898332,4.725528546898332
2023-03-07 00:00:00+00:00,MRK,quantile_regression,sentiment,111.2699966430664,110.40583298126316,0.8641636618032464,0.8641636618032464
2023-03-08 00:00:00+00:00,MRK,quantile_regression,sentiment,108.27999877929688,110.55254075081649,-2.2725419715196153,2.2725419715196153
2023-03-09 00:00:00+00:00,MRK,quantile_regression,sentiment,107.5999984741211,107.92655836376557,-0.32655988964447147,0.32655988964447147
2023-03-10 00:00:00+00:00,MRK,quantile_regression,sentiment,107.69000244140624,107.28327667872705,0.40672576267918714,0.40672576267918714
2023-03-13 00:00:00+00:00,MRK,quantile_regression,sentiment,105.7300033569336,107.14240954010182,-1.4124061831682297,1.4124061831682297
2023-03-14 00:00:00+00:00,MRK,quantile_regression,sentiment,106.97000122070312,105.33145175264873,1.6385494680543928,1.6385494680543928
2023-03-15 00:00:00+00:00,MRK,quantile_regression,sentiment,107.62999725341795,106.35581907062857,1.2741781827893846,1.2741781827893846
2023-03-16 00:00:00+00:00,MRK,quantile_regression,sentiment,107.33999633789062,107.1297035671728,0.21029277071782815,0.21029277071782815
2023-03-17 00:00:00+00:00,MRK,quantile_regression,sentiment,104.0999984741211,106.87884896433937,-2.778850490218275,2.778850490218275
2023-03-20 00:00:00+00:00,MRK,quantile_regression,sentiment,105.8499984741211,103.9377750097799,1.9122234643411957,1.9122234643411957
2023-03-21 00:00:00+00:00,MRK,quantile_regression,sentiment,105.54000091552734,105.36276488859212,0.17723602693521912,0.17723602693521912
2023-03-22 00:00:00+00:00,MRK,quantile_regression,sentiment,104.4000015258789,105.05466173871241,-0.6546602128335053,0.6546602128335053
2023-03-23 00:00:00+00:00,MRK,quantile_regression,sentiment,104.2300033569336,104.04096277394328,0.1890405829903159,0.1890405829903159
2023-03-24 00:00:00+00:00,MRK,quantile_regression,sentiment,104.8000030517578,103.85002079705747,0.9499822547003305,0.9499822547003305
2023-03-27 00:00:00+00:00,MRK,quantile_regression,sentiment,106.93000030517578,104.34503928683199,2.5849610183437903,2.5849610183437903
2023-03-28 00:00:00+00:00,MRK,quantile_regression,sentiment,105.52999877929688,106.55085014197411,-1.0208513626772344,1.0208513626772344
2023-03-29 00:00:00+00:00,MRK,quantile_regression,sentiment,104.91999816894533,105.08427660508644,-0.16427843614111737,0.16427843614111737
2023-03-30 00:00:00+00:00,MRK,quantile_regression,sentiment,105.91999816894533,104.46780592736582,1.4521922415795103,1.4521922415795103
2023-03-31 00:00:00+00:00,MRK,quantile_regression,sentiment,106.38999938964844,105.21520369278653,1.1747956968619064,1.1747956968619064
2023-04-03 00:00:00+00:00,MRK,quantile_regression,sentiment,108.87000274658205,105.83376894505616,3.0362338015258814,3.0362338015258814
2023-04-04 00:00:00+00:00,MRK,quantile_regression,sentiment,108.83000183105467,108.00568455063764,0.8243172804170342,0.8243172804170342
2023-04-05 00:00:00+00:00,MRK,quantile_regression,sentiment,111.91000366210938,108.23105734065959,3.6789463214497857,3.6789463214497857
2023-04-06 00:00:00+00:00,MRK,quantile_regression,sentiment,112.33000183105467,111.21845117732065,1.111550653734028,1.111550653734028
2023-04-10 00:00:00+00:00,MRK,quantile_regression,sentiment,112.61000061035156,111.66868863618612,0.9413119741654441,0.9413119741654441
2023-04-11 00:00:00+00:00,MRK,quantile_regression,sentiment,112.48999786376952,111.69219697187626,0.7978008918932602,0.7978008918932602
2023-04-12 00:00:00+00:00,MRK,quantile_regression,sentiment,113.75,111.88071210415673,1.8692878958432715,1.8692878958432715
2023-04-13 00:00:00+00:00,MRK,quantile_regression,sentiment,115.58000183105467,112.77850120343902,2.8015006276156527,2.8015006276156527
2023-04-14 00:00:00+00:00,MRK,quantile_regression,sentiment,115.30999755859376,114.593048677121,0.71694888147276,0.71694888147276
2023-04-17 00:00:00+00:00,MRK,quantile_regression,sentiment,115.01000213623048,114.53519797359138,0.47480416263910286,0.47480416263910286
2023-04-18 00:00:00+00:00,MRK,quantile_regression,sentiment,114.83000183105467,114.19121712393303,0.6387847071216441,0.6387847071216441
2023-04-19 00:00:00+00:00,MRK,quantile_regression,sentiment,114.12999725341795,113.96365777143217,0.16633948198578707,0.16633948198578707
2023-04-20 00:00:00+00:00,MRK,quantile_regression,sentiment,114.16999816894533,113.46360773575535,0.7063904331899806,0.7063904331899806
2023-04-21 00:00:00+00:00,MRK,quantile_regression,sentiment,115.37000274658205,113.41830996253846,1.951692784043587,1.951692784043587
2023-04-24 00:00:00+00:00,MRK,quantile_regression,sentiment,115.94000244140624,114.78568389866048,1.1543185427457558,1.1543185427457558
2023-04-25 00:00:00+00:00,MRK,quantile_regression,sentiment,116.52999877929688,115.25840235577894,1.2715964235179342,1.2715964235179342
2023-04-26 00:00:00+00:00,MRK,quantile_regression,sentiment,113.43000030517578,115.86557429495397,-2.4355739897781916,2.4355739897781916
2023-04-27 00:00:00+00:00,MRK,quantile_regression,sentiment,115.16000366210938,112.80021258971904,2.359791072390337,2.359791072390337
2023-04-28 00:00:00+00:00,MRK,quantile_regression,sentiment,115.47000122070312,114.37301326363254,1.0969879570705814,1.0969879570705814
2023-05-01 00:00:00+00:00,MRK,quantile_regression,sentiment,116.33999633789062,114.51548107223779,1.8245152656528347,1.8245152656528347
2023-05-02 00:00:00+00:00,MRK,quantile_regression,sentiment,117.88999938964844,115.66318963902181,2.2268097506266287,2.2268097506266287
2023-05-03 00:00:00+00:00,MRK,quantile_regression,sentiment,118.22000122070312,117.0589977889766,1.1610034317265274,1.1610034317265274
2023-05-04 00:00:00+00:00,MRK,quantile_regression,sentiment,117.37000274658205,117.6121786923859,-0.24217594580385082,0.24217594580385082
2023-05-05 00:00:00+00:00,MRK,quantile_regression,sentiment,117.68000030517578,116.68427269313652,0.9957276120392606,0.9957276120392606
2023-05-08 00:00:00+00:00,MRK,quantile_regression,sentiment,118.37999725341795,116.95208898369641,1.4279082697215415,1.4279082697215415
2023-05-09 00:00:00+00:00,MRK,quantile_regression,sentiment,117.43000030517578,117.54303468361044,-0.11303437843466213,0.11303437843466213
2023-05-10 00:00:00+00:00,MRK,quantile_regression,sentiment,117.9000015258789,116.66653731429368,1.233464211585229,1.233464211585229
2023-05-11 00:00:00+00:00,MRK,quantile_regression,sentiment,117.5500030517578,117.04476477476366,0.5052382769941346,0.5052382769941346
2023-05-12 00:00:00+00:00,MRK,quantile_regression,sentiment,117.13999938964844,116.8584821422303,0.28151724741813666,0.28151724741813666
2023-05-15 00:00:00+00:00,MRK,quantile_regression,sentiment,116.37000274658205,116.43010584125,-0.060103094667951495,0.060103094667951495
2023-05-16 00:00:00+00:00,MRK,quantile_regression,sentiment,116.08000183105467,115.77926326774241,0.30073856331226523,0.30073856331226523
2023-05-17 00:00:00+00:00,MRK,quantile_regression,sentiment,114.76000213623048,115.49728425570717,-0.7372821194766885,0.7372821194766885
2023-05-18 00:00:00+00:00,MRK,quantile_regression,sentiment,114.0,114.1656950796919,-0.16569507969190056,0.16569507969190056
2023-05-19 00:00:00+00:00,MRK,quantile_regression,sentiment,115.48999786376952,113.4784664323041,2.0115314314654142,2.0115314314654142
2023-05-22 00:00:00+00:00,MRK,quantile_regression,sentiment,114.48999786376952,114.93977131165016,-0.449773447880645,0.449773447880645
2023-05-23 00:00:00+00:00,MRK,quantile_regression,sentiment,113.2699966430664,113.91068387682222,-0.6406872337558127,0.6406872337558127
2023-05-24 00:00:00+00:00,MRK,quantile_regression,sentiment,113.5999984741211,112.67160997502734,0.9283884990937565,0.9283884990937565
2023-05-25 00:00:00+00:00,MRK,quantile_regression,sentiment,112.3000030517578,112.9794290611174,-0.6794260093596023,0.6794260093596023
2023-05-26 00:00:00+00:00,MRK,quantile_regression,sentiment,111.06999969482422,111.6116263595686,-0.5416266647443848,0.5416266647443848
2023-05-30 00:00:00+00:00,MRK,quantile_regression,sentiment,109.16999816894533,110.5174234256199,-1.347425256674569,1.347425256674569
2023-05-31 00:00:00+00:00,MRK,quantile_regression,sentiment,110.41000366210938,108.77979214419386,1.6302115179155123,1.6302115179155123
2023-06-01 00:00:00+00:00,MRK,quantile_regression,sentiment,110.93000030517578,109.74876553846053,1.1812347667152494,1.1812347667152494
2023-06-02 00:00:00+00:00,MRK,quantile_regression,sentiment,112.5199966430664,110.25205074378337,2.267945899283035,2.267945899283035
2023-06-05 00:00:00+00:00,MRK,quantile_regression,sentiment,113.11000061035156,111.78393973510798,1.3260608752435843,1.3260608752435843
2023-06-06 00:00:00+00:00,MRK,quantile_regression,sentiment,110.01000213623048,112.45900824387498,-2.449006107644493,2.449006107644493
2023-06-07 00:00:00+00:00,MRK,quantile_regression,sentiment,108.61000061035156,109.46237946651169,-0.8523788561601293,0.8523788561601293
2023-06-08 00:00:00+00:00,MRK,quantile_regression,sentiment,110.31999969482422,108.08196561631658,2.2380340785076385,2.2380340785076385
2023-06-09 00:00:00+00:00,MRK,quantile_regression,sentiment,110.70999908447266,109.56573877082128,1.1442603136513725,1.1442603136513725
2023-06-12 00:00:00+00:00,MRK,quantile_regression,sentiment,109.86000061035156,109.95385065309371,-0.09385004274214737,0.09385004274214737
2023-06-13 00:00:00+00:00,MRK,quantile_regression,sentiment,109.98999786376952,109.34151139778928,0.6484864659802412,0.6484864659802412
2023-06-14 00:00:00+00:00,MRK,quantile_regression,sentiment,108.66000366210938,109.35629227568549,-0.6962886135761153,0.6962886135761153
2023-06-15 00:00:00+00:00,MRK,quantile_regression,sentiment,109.4000015258789,108.23370131079969,1.166300215079218,1.166300215079218
2023-06-16 00:00:00+00:00,MRK,quantile_regression,sentiment,109.31999969482422,108.78731946420464,0.5326802306195759,0.5326802306195759
2023-06-20 00:00:00+00:00,MRK,quantile_regression,sentiment,110.2300033569336,108.8774857181752,1.3525176387583997,1.3525176387583997
2023-06-21 00:00:00+00:00,MRK,quantile_regression,sentiment,111.16000366210938,109.43393947401199,1.7260641880973822,1.7260641880973822
2023-06-22 00:00:00+00:00,MRK,quantile_regression,sentiment,113.72000122070312,110.54271223198441,3.177288988718715,3.177288988718715
2023-06-23 00:00:00+00:00,MRK,quantile_regression,sentiment,114.5999984741211,112.75885829988644,1.8411401742346527,1.8411401742346527
2023-06-26 00:00:00+00:00,MRK,quantile_regression,sentiment,113.08000183105467,113.90666832909619,-0.8266664980415186,0.8266664980415186
2023-06-27 00:00:00+00:00,MRK,quantile_regression,sentiment,113.31999969482422,112.27189721802593,1.0481024767982916,1.0481024767982916
2023-06-28 00:00:00+00:00,MRK,quantile_regression,sentiment,112.44000244140624,112.679455393134,-0.23945295172777037,0.23945295172777037
2023-06-29 00:00:00+00:00,MRK,quantile_regression,sentiment,113.54000091552734,111.73852189478635,1.8014790207409987,1.8014790207409987
2023-06-30 00:00:00+00:00,MRK,quantile_regression,sentiment,115.38999938964844,112.84656163689417,2.543437752754272,2.543437752754272
2023-07-03 00:00:00+00:00,MRK,quantile_regression,sentiment,114.33000183105467,114.62406282743906,-0.2940609963843883,0.2940609963843883
2023-07-05 00:00:00+00:00,MRK,quantile_regression,sentiment,113.6999969482422,113.72950174509533,-0.02950479685313212,0.02950479685313212
2023-07-06 00:00:00+00:00,MRK,quantile_regression,sentiment,111.75,113.16446497244225,-1.4144649724422464,1.4144649724422464
2023-07-07 00:00:00+00:00,MRK,quantile_regression,sentiment,109.0,111.31160929644373,-2.3116092964437343,2.3116092964437343
2023-07-10 00:00:00+00:00,MRK,quantile_regression,sentiment,109.95999908447266,108.6205801661529,1.3394189183197511,1.3394189183197511
2023-07-11 00:00:00+00:00,MRK,quantile_regression,sentiment,108.6999969482422,109.49375093206046,-0.793753983818263,0.793753983818263
2023-07-12 00:00:00+00:00,MRK,quantile_regression,sentiment,107.47000122070312,108.36776788824531,-0.8977666675421858,0.8977666675421858
2023-07-13 00:00:00+00:00,MRK,quantile_regression,sentiment,106.31999969482422,107.31087356994935,-0.990873875125132,0.990873875125132
2023-07-14 00:00:00+00:00,MRK,quantile_regression,sentiment,107.33999633789062,106.0209198913467,1.3190764465439315,1.3190764465439315
2023-07-17 00:00:00+00:00,MRK,quantile_regression,sentiment,105.56999969482422,107.04314564444704,-1.4731459496228183,1.4731459496228183
2023-07-18 00:00:00+00:00,MRK,quantile_regression,sentiment,105.9499969482422,105.2700902155192,0.6799067327229977,0.6799067327229977
2023-07-19 00:00:00+00:00,MRK,quantile_regression,sentiment,105.9499969482422,105.6499569074708,0.3000400407714068,0.3000400407714068
2023-07-20 00:00:00+00:00,MRK,quantile_regression,sentiment,108.45999908447266,105.69389445840946,2.7661046260631963,2.7661046260631963
2023-07-21 00:00:00+00:00,MRK,quantile_regression,sentiment,110.38999938964844,107.86939959778712,2.520599791861315,2.520599791861315
2023-07-24 00:00:00+00:00,MRK,quantile_regression,sentiment,108.79000091552734,109.74284445213044,-0.9528435366030976,0.9528435366030976
2023-07-25 00:00:00+00:00,MRK,quantile_regression,sentiment,107.52999877929688,108.11963191428877,-0.5896331349918995,0.5896331349918995
2023-07-26 00:00:00+00:00,MRK,quantile_regression,sentiment,107.13999938964844,107.08681668953079,0.053182700117645254,0.053182700117645254
2023-07-27 00:00:00+00:00,MRK,quantile_regression,sentiment,105.2699966430664,106.64904700853295,-1.37905036546654,1.37905036546654
2023-07-28 00:00:00+00:00,MRK,quantile_regression,sentiment,106.33999633789062,105.06669988878903,1.2732964491015935,1.2732964491015935
2023-07-31 00:00:00+00:00,MRK,quantile_regression,sentiment,106.6500015258789,105.84735775318583,0.8026437726930737,0.8026437726930737
2023-08-01 00:00:00+00:00,MRK,quantile_regression,sentiment,105.27999877929688,106.21272696044565,-0.9327281811487751,0.9327281811487751
2023-08-02 00:00:00+00:00,MRK,quantile_regression,sentiment,105.6999969482422,104.80791614053727,0.8920808077049287,0.8920808077049287
2023-08-03 00:00:00+00:00,MRK,quantile_regression,sentiment,105.7300033569336,105.33661188415024,0.3933914727833496,0.3933914727833496
2023-08-04 00:00:00+00:00,MRK,quantile_regression,sentiment,105.0,105.35234873933649,-0.3523487393364917,0.3523487393364917
2023-08-07 00:00:00+00:00,MRK,quantile_regression,sentiment,106.08999633789062,104.63310625599172,1.456890081898905,1.456890081898905
2023-08-08 00:00:00+00:00,MRK,quantile_regression,sentiment,106.41000366210938,105.47419434401223,0.9358093180971423,0.9358093180971423
2023-08-09 00:00:00+00:00,MRK,quantile_regression,sentiment,106.0999984741211,105.9601611993949,0.13983727472619023,0.13983727472619023
2023-08-10 00:00:00+00:00,MRK,quantile_regression,sentiment,105.56999969482422,105.5599492422993,0.010050452524922093,0.010050452524922093
2023-08-11 00:00:00+00:00,MRK,quantile_regression,sentiment,107.44000244140624,105.21891141707073,2.2210910243355073,2.2210910243355073
2023-08-14 00:00:00+00:00,MRK,quantile_regression,sentiment,108.91000366210938,106.80698485718625,2.103018804923124,2.103018804923124
2023-08-15 00:00:00+00:00,MRK,quantile_regression,sentiment,108.66000366210938,108.2275722127437,0.43243144936568,0.43243144936568
2023-08-16 00:00:00+00:00,MRK,quantile_regression,sentiment,108.7300033569336,108.09356650214873,0.6364368547848613,0.6364368547848613
2023-08-17 00:00:00+00:00,MRK,quantile_regression,sentiment,108.91999816894533,108.08143203283603,0.8385661361092929,0.8385661361092929
2023-08-18 00:00:00+00:00,MRK,quantile_regression,sentiment,109.1999969482422,108.29257467695038,0.9074222712918214,0.9074222712918214
2023-08-21 00:00:00+00:00,MRK,quantile_regression,sentiment,109.63999938964844,108.56188661686973,1.0781127727787094,1.0781127727787094
2023-08-22 00:00:00+00:00,MRK,quantile_regression,sentiment,107.2300033569336,108.91369743696018,-1.6836940800265836,1.6836940800265836
2023-08-23 00:00:00+00:00,MRK,quantile_regression,sentiment,111.3000030517578,106.97356565806086,4.326437393696935,4.326437393696935
2023-08-24 00:00:00+00:00,MRK,quantile_regression,sentiment,109.4499969482422,110.51800851769082,-1.0680115694486148,1.0680115694486148
2023-08-25 00:00:00+00:00,MRK,quantile_regression,sentiment,110.20999908447266,108.76755536027754,1.4424437241951154,1.4424437241951154
2023-08-28 00:00:00+00:00,MRK,quantile_regression,sentiment,108.93000030517578,109.59426798249137,-0.6642676773155927,0.6642676773155927
2023-08-29 00:00:00+00:00,MRK,quantile_regression,sentiment,109.98999786376952,108.27527899461887,1.7147188691506443,1.7147188691506443
2023-08-30 00:00:00+00:00,MRK,quantile_regression,sentiment,110.20999908447266,109.42822421937306,0.7817748650995924,0.7817748650995924
2023-08-31 00:00:00+00:00,MRK,quantile_regression,sentiment,108.9800033569336,109.56971083181048,-0.5897074748768887,0.5897074748768887
2023-09-01 00:00:00+00:00,MRK,quantile_regression,sentiment,109.83999633789062,108.3624804954514,1.4775158424392316,1.4775158424392316
2023-09-05 00:00:00+00:00,MRK,quantile_regression,sentiment,107.51000213623048,109.31329941062543,-1.80329727439495,1.80329727439495
2023-09-06 00:00:00+00:00,MRK,quantile_regression,sentiment,106.48999786376952,107.28311775306267,-0.7931198892931519,0.7931198892931519
2023-09-07 00:00:00+00:00,MRK,quantile_regression,sentiment,107.94000244140624,106.18553635625132,1.7544660851549168,1.7544660851549168
2023-09-08 00:00:00+00:00,MRK,quantile_regression,sentiment,109.0500030517578,107.63608180745665,1.4139212443011502,1.4139212443011502
2023-09-11 00:00:00+00:00,MRK,quantile_regression,sentiment,108.5999984741211,108.34697809837103,0.25302037575006864,0.25302037575006864
2023-09-12 00:00:00+00:00,MRK,quantile_regression,sentiment,109.0199966430664,108.19566696653817,0.8243296765282366,0.8243296765282366
2023-09-13 00:00:00+00:00,MRK,quantile_regression,sentiment,107.80999755859376,108.57384175565119,-0.7638441970574235,0.7638441970574235
2023-09-14 00:00:00+00:00,MRK,quantile_regression,sentiment,108.23999786376952,107.40505745896874,0.8349404048007756,0.8349404048007756
2023-09-15 00:00:00+00:00,MRK,quantile_regression,sentiment,107.5199966430664,107.78325438387131,-0.26325774080490305,0.26325774080490305
2023-09-18 00:00:00+00:00,MRK,quantile_regression,sentiment,107.81999969482422,107.07283409319024,0.7471656016339807,0.7471656016339807
2023-09-19 00:00:00+00:00,MRK,quantile_regression,sentiment,107.36000061035156,107.37377372934077,-0.013773118989206523,0.013773118989206523
2023-09-20 00:00:00+00:00,MRK,quantile_regression,sentiment,107.30999755859376,106.94792980512403,0.36206775346973075,0.36206775346973075
2023-09-21 00:00:00+00:00,MRK,quantile_regression,sentiment,106.7300033569336,107.08313338806718,-0.3531300311335883,0.3531300311335883
2023-09-22 00:00:00+00:00,MRK,quantile_regression,sentiment,106.33999633789062,106.22036339951754,0.11963293837308697,0.11963293837308697
2023-09-25 00:00:00+00:00,MRK,quantile_regression,sentiment,105.83999633789062,105.90850885276174,-0.06851251487111654,0.06851251487111654
2023-09-26 00:00:00+00:00,MRK,quantile_regression,sentiment,105.38999938964844,105.27772967636476,0.11226971328368052,0.11226971328368052
2023-09-27 00:00:00+00:00,MRK,quantile_regression,sentiment,103.94000244140624,104.93965943721415,-0.9996569958079107,0.9996569958079107
2023-09-28 00:00:00+00:00,MRK,quantile_regression,sentiment,104.3000030517578,103.62824450075033,0.6717585510074713,0.6717585510074713
2023-09-29 00:00:00+00:00,MRK,quantile_regression,sentiment,102.9499969482422,104.0092973624987,-1.059300414256498,1.059300414256498
2023-10-02 00:00:00+00:00,MRK,quantile_regression,sentiment,102.5500030517578,102.78818405359577,-0.23818100183797242,0.23818100183797242
2023-10-03 00:00:00+00:00,MRK,quantile_regression,sentiment,101.7699966430664,102.20560663008624,-0.43560998701983067,0.43560998701983067
2023-10-04 00:00:00+00:00,MRK,quantile_regression,sentiment,102.16999816894533,101.23658444994159,0.9334137190037382,0.9334137190037382
2023-10-05 00:00:00+00:00,MRK,quantile_regression,sentiment,103.5999984741211,101.79381955533665,1.8061789187844397,1.8061789187844397
2023-10-06 00:00:00+00:00,MRK,quantile_regression,sentiment,103.87999725341795,103.13887038235549,0.7411268710624626,0.7411268710624626
2023-10-09 00:00:00+00:00,MRK,quantile_regression,sentiment,104.5,103.26726081930485,1.2327391806951482,1.2327391806951482
2023-10-10 00:00:00+00:00,MRK,quantile_regression,sentiment,103.61000061035156,104.06848796155847,-0.4584873512069123,0.4584873512069123
2023-10-11 00:00:00+00:00,MRK,quantile_regression,sentiment,103.45999908447266,103.02961225843872,0.4303868260339385,0.4303868260339385
2023-10-12 00:00:00+00:00,MRK,quantile_regression,sentiment,103.58999633789062,102.83320628054666,0.756790057343963,0.756790057343963
2023-10-13 00:00:00+00:00,MRK,quantile_regression,sentiment,104.01000213623048,103.08661330322033,0.9233888330101507,0.9233888330101507
2023-10-16 00:00:00+00:00,MRK,quantile_regression,sentiment,104.13999938964844,103.49195243822041,0.6480469514280287,0.6480469514280287
2023-10-17 00:00:00+00:00,MRK,quantile_regression,sentiment,104.16999816894533,103.61868388551906,0.5513142834262652,0.5513142834262652
2023-10-18 00:00:00+00:00,MRK,quantile_regression,sentiment,101.98999786376952,103.71819834767362,-1.7282004839041036,1.7282004839041036
2023-10-19 00:00:00+00:00,MRK,quantile_regression,sentiment,100.43000030517578,101.55166243995743,-1.1216621347816442,1.1216621347816442
2023-10-20 00:00:00+00:00,MRK,quantile_regression,sentiment,102.66999816894533,99.96842387688434,2.7015742920609824,2.7015742920609824
2023-10-23 00:00:00+00:00,MRK,quantile_regression,sentiment,103.3499984741211,102.11547563650477,1.2345228376163249,1.2345228376163249
2023-10-24 00:00:00+00:00,MRK,quantile_regression,sentiment,103.02999877929688,102.8389462689127,0.19105251038418203,0.19105251038418203
2023-10-25 00:00:00+00:00,MRK,quantile_regression,sentiment,103.62999725341795,102.77755357934606,0.8524436740718926,0.8524436740718926
2023-10-26 00:00:00+00:00,MRK,quantile_regression,sentiment,105.5500030517578,103.36276418088869,2.187238870869109,2.187238870869109
2023-10-27 00:00:00+00:00,MRK,quantile_regression,sentiment,102.81999969482422,104.95573550893057,-2.1357358141063543,2.1357358141063543
2023-10-30 00:00:00+00:00,MRK,quantile_regression,sentiment,102.68000030517578,102.28600317387793,0.3939971312978514,0.3939971312978514
2023-10-31 00:00:00+00:00,MRK,quantile_regression,sentiment,102.6999969482422,102.3763524806772,0.3236444675650034,0.3236444675650034
2023-11-01 00:00:00+00:00,MRK,quantile_regression,sentiment,102.8499984741211,102.21029022458184,0.6397082495392539,0.6397082495392539
2023-11-02 00:00:00+00:00,MRK,quantile_regression,sentiment,102.8499984741211,102.44731341654492,0.40268505757617845,0.40268505757617845
2023-11-03 00:00:00+00:00,MRK,quantile_regression,sentiment,103.37999725341795,102.43774838260816,0.9422488708097916,0.9422488708097916
2023-11-06 00:00:00+00:00,MRK,quantile_regression,sentiment,104.33999633789062,102.96234035284365,1.377655985046971,1.377655985046971
2023-11-07 00:00:00+00:00,MRK,quantile_regression,sentiment,104.0,103.92554460545983,0.07445539454016625,0.07445539454016625
2023-11-08 00:00:00+00:00,MRK,quantile_regression,sentiment,104.4000015258789,103.70840915005465,0.691592375824257,0.691592375824257
2023-11-09 00:00:00+00:00,MRK,quantile_regression,sentiment,102.37999725341795,104.04101019723643,-1.661012943818477,1.661012943818477
2023-11-10 00:00:00+00:00,MRK,quantile_regression,sentiment,101.38999938964844,102.05690480234315,-0.6669054126947174,0.6669054126947174
2023-11-13 00:00:00+00:00,MRK,quantile_regression,sentiment,102.47000122070312,101.1004824922762,1.3695187284269252,1.3695187284269252
2023-11-14 00:00:00+00:00,MRK,quantile_regression,sentiment,102.16999816894533,101.96376381000024,0.2062343589450819,0.2062343589450819
2023-11-15 00:00:00+00:00,MRK,quantile_regression,sentiment,101.3499984741211,101.73193985855471,-0.3819413844336168,0.3819413844336168
2023-11-16 00:00:00+00:00,MRK,quantile_regression,sentiment,101.98999786376952,101.05227534114375,0.9377225226257622,0.9377225226257622
2023-11-17 00:00:00+00:00,MRK,quantile_regression,sentiment,101.75,101.72661511191524,0.023384888084763134,0.023384888084763134
2023-11-20 00:00:00+00:00,MRK,quantile_regression,sentiment,102.68000030517578,101.2876328038513,1.392367501324486,1.392367501324486
2023-11-21 00:00:00+00:00,MRK,quantile_regression,sentiment,102.20999908447266,102.38516712216028,-0.17516803768762657,0.17516803768762657
2023-11-22 00:00:00+00:00,MRK,quantile_regression,sentiment,101.68000030517578,101.86247287829606,-0.18247257312027898,0.18247257312027898
2023-11-24 00:00:00+00:00,MRK,quantile_regression,sentiment,101.87000274658205,101.500509767106,0.36949297947604975,0.36949297947604975
2023-11-27 00:00:00+00:00,MRK,quantile_regression,sentiment,101.43000030517578,101.50153143383702,-0.07153112866123479,0.07153112866123479
2023-11-28 00:00:00+00:00,MRK,quantile_regression,sentiment,100.18000030517578,101.02846201032963,-0.8484617051538521,0.8484617051538521
2023-11-29 00:00:00+00:00,MRK,quantile_regression,sentiment,101.12999725341795,99.95579311886786,1.174204134550095,1.174204134550095
2023-11-30 00:00:00+00:00,MRK,quantile_regression,sentiment,102.4800033569336,100.60190672646748,1.8780966304661177,1.8780966304661177
2023-12-01 00:00:00+00:00,MRK,quantile_regression,sentiment,103.45999908447266,101.9484848171594,1.5115142673132596,1.5115142673132596
2023-12-04 00:00:00+00:00,MRK,quantile_regression,sentiment,105.05999755859376,102.87590096012563,2.1840965984681304,2.1840965984681304
2023-12-05 00:00:00+00:00,MRK,quantile_regression,sentiment,106.2300033569336,104.49365158390525,1.7363517730283462,1.7363517730283462
2023-12-06 00:00:00+00:00,MRK,quantile_regression,sentiment,105.62999725341795,105.57064687895604,0.05935037446191416,0.05935037446191416
2023-12-07 00:00:00+00:00,MRK,quantile_regression,sentiment,103.87999725341795,105.17426103434556,-1.2942637809276079,1.2942637809276079
2023-12-08 00:00:00+00:00,MRK,quantile_regression,sentiment,103.75,103.21161164881627,0.5383883511837269,0.5383883511837269
2023-12-11 00:00:00+00:00,MRK,quantile_regression,sentiment,104.37000274658205,103.00789166826388,1.362111078318165,1.362111078318165
2023-12-12 00:00:00+00:00,MRK,quantile_regression,sentiment,104.36000061035156,103.76621666527782,0.5937839450737386,0.5937839450737386
2023-12-13 00:00:00+00:00,MRK,quantile_regression,sentiment,107.11000061035156,103.80945364145936,3.3005469688922062,3.3005469688922062
2023-12-14 00:00:00+00:00,MRK,quantile_regression,sentiment,105.87999725341795,106.33302644201504,-0.4530291885970854,0.4530291885970854
2023-12-15 00:00:00+00:00,MRK,quantile_regression,sentiment,105.11000061035156,105.29181991762171,-0.18181930727014617,0.18181930727014617
